lambda,n_hubs,config,abandonment_pct,avg_queue_wait_min,avg_true_wait_min,matched_riders,avg_earnings,total_earnings,avg_profit_per_hr,avg_idle_time,variance,fairness_cv,cvar,fairness_effect,delta_cvar_cross,delta_profit
3.5,3,lam4_kmean_3,3.843454790823212,0.19133057040433132,24.40767695071127,35626,112.77812064640462,573589.5216076139,16.13993504935487,1.3087023672891882,455.90855526875305,0.18932763844954387,67.703363607874,0.08334977227863505,0.7556275225122562,1.0128503674452958
3.5,4,lam4_kmean_4,3.150876438326702,0.15988393948950566,24.4386597565459,36024,109.71165709474562,582130.0525447202,15.658657732577284,1.4765449430098037,450.63716905233815,0.19349098267125983,66.8848687018504,0.09394842703043182,-0.06286738351134602,-2.0536131842137024
