lambda,n_hubs,config,abandonment_pct,avg_queue_wait_min,avg_true_wait_min,matched_riders,avg_earnings,total_earnings,avg_profit_per_hr,avg_idle_time,variance,fairness_cv,cvar,fairness_effect,delta_cvar_cross,delta_profit
3.1,3,lam3_kmean_3,3.7420016739112825,0.1937488452897397,24.46126461454733,35653,110.6125114712543,577065.4723455337,15.802566117905174,1.43950361800459,496.2017582443068,0.20138396914417392,65.33219265263779,0.0023362153792872986,-1.6155434327239533,-1.1527588077050268
3.1,4,lam3_kmean_4,3.819305143223943,0.19181884443378894,24.487599252521868,35961,111.14582411015186,582626.4099854161,15.856821117886163,1.4185627562640124,502.8857985986635,0.2017630039869889,65.6214045120645,-0.011102723289692307,-1.3263315732972387,-0.6194461688074568
