lambda,n_hubs,config,abandonment_pct,avg_queue_wait_min,avg_true_wait_min,matched_riders,avg_earnings,total_earnings,avg_profit_per_hr,avg_idle_time,variance,fairness_cv,cvar,fairness_effect,delta_cvar_cross,delta_profit
3.7,3,lam4_kmean_3,2.1499034956036884,0.10884328665154994,15.267693017564225,36502,119.79175213921062,610698.3524056957,17.106561101826944,2.2651188276029828,1241.8987343832337,0.2941820534206067,34.846861092862724,0.019458693640175495,0.9650765241942878,1.6381393837289124
3.7,4,lam4_kmean_4,2.6064432572446172,0.12191237705602423,14.975283141213152,36096,115.9707736159953,604555.6428601835,16.552220504754146,2.460393751387812,1368.1902317235229,0.3189515290229493,30.033569116099414,-0.08025477441942885,-3.848215452569022,-2.182839139486404
