lambda,n_hubs,config,abandonment_pct,avg_queue_wait_min,avg_true_wait_min,matched_riders,avg_earnings,total_earnings,avg_profit_per_hr,avg_idle_time,variance,fairness_cv,cvar,fairness_effect,delta_cvar_cross,delta_profit
4.7,3,lam5_kmean_3,3.8635263752218094,0.18546606142006564,24.421625645219873,35757,111.98514556429572,577619.3808206373,16.048056451135416,1.3446097469139944,455.55832443852034,0.19059503128284827,68.1450401871782,0.08405394675963063,1.1973041018164565,0.21987528533639988
4.7,4,lam5_kmean_4,3.747179542280004,0.1955211672638662,24.365552587510933,35833,111.02609897043627,576447.5058545051,15.862016167868724,1.4086462395340846,460.9158687677679,0.19336850949649761,66.10345615960196,0.07328206241423352,-0.8442799257597784,-0.7391713085230549
