lambda,n_hubs,config,abandonment_pct,avg_queue_wait_min,avg_true_wait_min,matched_riders,avg_earnings,total_earnings,avg_profit_per_hr,avg_idle_time,variance,fairness_cv,cvar,fairness_effect,delta_cvar_cross,delta_profit
2.6,3,lam3_kmean_3,2.359200343938091,0.1050522456995914,15.213527750585422,36338,118.71452140045989,608411.9221773569,16.958469067149892,2.3143832968364624,1220.6769246204078,0.2943042416795371,35.864852385961115,0.03621437628324964,1.9830678172926781,0.5609086449781842
2.6,4,lam3_kmean_4,1.9872921454643775,0.09843664734792869,14.985929547866423,36250,118.59915404004681,608176.4619173601,16.937034770218755,2.34856662126375,1318.9671794184708,0.3062213051706966,30.911337755973527,-0.04139070710545112,-2.9704468126949095,0.44554128456510966
