lambda,n_hubs,config,abandonment_pct,avg_queue_wait_min,avg_true_wait_min,matched_riders,avg_earnings,total_earnings,avg_profit_per_hr,avg_idle_time,variance,fairness_cv,cvar,fairness_effect,delta_cvar_cross,delta_profit
4.800000000000001,3,lam5_kmean_3,2.6230647878285516,0.126874925454419,15.216042777834108,36418,117.56719160660802,611349.3963543617,16.808995932847722,2.3611322404024633,1367.9879679378955,0.3145973026757764,28.40088264259284,-0.08009507702132579,-5.480901926075596,-0.5864211488736828
4.800000000000001,4,lam5_kmean_4,2.080918623143481,0.09928837520228392,14.994570490061731,36327,116.86404283898813,609329.1193624841,16.709935603826803,2.408497293573414,1370.6352611936193,0.316796258539246,28.431974640916955,-0.08218524775378433,-5.449809927751481,-1.2895699164935763
