lambda,n_hubs,config,abandonment_pct,avg_queue_wait_min,avg_true_wait_min,matched_riders,avg_earnings,total_earnings,avg_profit_per_hr,avg_idle_time,variance,fairness_cv,cvar,fairness_effect,delta_cvar_cross,delta_profit
4.5,3,lam4_kmean_3,4.925076534722595,0.2385406892793896,24.47655455702799,35404,114.88099966936336,572222.2593530989,16.40244634045159,1.2314585262575568,473.6911458437662,0.1894521016815666,69.93221861877032,0.047596076692789535,2.984482533408581,3.1157293904040415
4.5,4,lam4_kmean_4,3.4028510373556227,0.16521756389915954,24.417861182659735,35711,109.87042750131636,577369.0965194175,15.70368218635616,1.4631617375978159,459.9856355780155,0.19520517215009242,64.84362837516419,0.07515239025819753,-2.104107710197553,-1.894842777642964
