lambda,n_hubs,config,abandonment_pct,avg_queue_wait_min,avg_true_wait_min,matched_riders,avg_earnings,total_earnings,avg_profit_per_hr,avg_idle_time,variance,fairness_cv,cvar,fairness_effect,delta_cvar_cross,delta_profit
2.4000000000000004,3,lam2_kmean_3,4.64464680209063,0.22970447362591564,24.50093499568056,35394,113.2665744991533,569504.3365817427,16.184556719765617,1.2896134027466668,486.6520935070188,0.19476348257137593,67.61462418829305,0.02153678149048377,0.6668881029313098,1.5013042201939726
2.4000000000000004,4,lam2_kmean_4,3.867894056847545,0.18680589478040519,24.428608461998618,35715,110.62005734303452,576551.7388718959,15.78285533554821,1.4405203410382823,480.75079817083207,0.19821025840494344,65.74864575757186,0.033401932190667005,-1.1990903277898752,-1.1452129359248033
