lambda,n_hubs,config,abandonment_pct,avg_queue_wait_min,avg_true_wait_min,matched_riders,avg_earnings,total_earnings,avg_profit_per_hr,avg_idle_time,variance,fairness_cv,cvar,fairness_effect,delta_cvar_cross,delta_profit
4.1,3,lam4_kmean_3,1.5825941603084308,0.07964807720938258,14.88328681246896,36504,117.63939699586514,612195.4219664822,16.77584421090933,2.4092533330162262,1322.805597740501,0.3091684882066219,32.80224616941393,-0.04442133078807231,-1.0795383992545098,-0.5142157596165617
4.1,4,lam4_kmean_4,2.101476713366149,0.1029880982827019,15.114625009626135,36197,116.05603103658133,607089.0983523569,16.582829174105306,2.43015498096237,1342.6152349653466,0.31572434524568116,30.01998853018353,-0.06006203242113317,-3.8617960384849077,-2.097581718900372
