lambda,n_hubs,config,abandonment_pct,avg_queue_wait_min,avg_true_wait_min,matched_riders,avg_earnings,total_earnings,avg_profit_per_hr,avg_idle_time,variance,fairness_cv,cvar,fairness_effect,delta_cvar_cross,delta_profit
2.2,3,lam2_kmean_3,5.118932819029251,0.24074906586836367,24.5159044423882,35421,113.59846296027517,571854.6625420252,16.257296585122155,1.2680716075429348,472.23365664809364,0.19129605463187238,67.61132962297948,0.05052650602488906,0.6635935376177429,1.8331926813158503
2.2,4,lam2_kmean_4,3.621974935177182,0.1783774092452797,24.479907271644624,35683,111.15427406768528,577446.453781625,15.899639769008504,1.3933140996417568,463.2376607653594,0.19363139006208507,65.31399715538434,0.06861386494630206,-1.6337389299773974,-0.6109962112740419
