lambda,n_hubs,config,abandonment_pct,avg_queue_wait_min,avg_true_wait_min,matched_riders,avg_earnings,total_earnings,avg_profit_per_hr,avg_idle_time,variance,fairness_cv,cvar,fairness_effect,delta_cvar_cross,delta_profit
1.6,3,lam2_kmean_3,4.577257918068685,0.22251057773769134,24.592665836999785,35732,112.12793703584732,577234.619860542,16.01446888183101,1.3424542513619113,476.4044492435732,0.19465881374910265,66.68952427325718,0.04214070598178343,-0.25821181210456245,0.36266675688800376
1.6,4,lam2_kmean_4,3.317333333333333,0.16270625003749556,24.375110582530784,36256,110.16091507186765,586166.2290974078,15.755716970862977,1.452865894857015,443.7348475167736,0.19122040482638214,67.24932802088499,0.1078262420752748,0.30159193552324837,-1.6043552070916718
