lambda,n_hubs,config,abandonment_pct,avg_queue_wait_min,avg_true_wait_min,matched_riders,avg_earnings,total_earnings,avg_profit_per_hr,avg_idle_time,variance,fairness_cv,cvar,fairness_effect,delta_cvar_cross,delta_profit
4.6,3,lam5_kmean_3,4.234048809173772,0.2145612864619436,24.477924739934505,35827,112.53836993822513,578447.2214824772,16.096890402238788,1.3258946901072903,464.1356496363849,0.19143522070212007,68.8016153130877,0.06680836756397823,1.8538792277259546,0.7730996592658101
4.6,4,lam5_kmean_4,4.229305551806969,0.2123025232316371,24.48885893778743,35484,111.2795776517468,574425.179838317,15.9230250364638,1.3933871306192491,515.8655615013364,0.20410460308414707,64.9549857471032,-0.037199848432454274,-1.9927503382585456,-0.48569262721251505
