lambda,n_hubs,config,abandonment_pct,avg_queue_wait_min,avg_true_wait_min,matched_riders,avg_earnings,total_earnings,avg_profit_per_hr,avg_idle_time,variance,fairness_cv,cvar,fairness_effect,delta_cvar_cross,delta_profit
1.8,3,lam2_kmean_3,4.028455175015494,0.19730760299618028,24.434429775850457,35616,111.74258494835148,574468.629219475,15.98071055131351,1.3666657649568124,446.314166029788,0.18906085695652922,68.03869412837807,0.10264026152062855,1.0909580430163288,-0.022685330607842502
1.8,4,lam2_kmean_4,4.157584564462743,0.2046029661987728,24.436100147838314,35616,111.3639757950444,573524.4753444786,15.907407384538892,1.3902920669243999,468.8240397017517,0.1944286269072846,66.8670306789407,0.05738188549559142,-0.08070540642104618,-0.40129448391492417
