lambda,n_hubs,config,abandonment_pct,avg_queue_wait_min,avg_true_wait_min,matched_riders,avg_earnings,total_earnings,avg_profit_per_hr,avg_idle_time,variance,fairness_cv,cvar,fairness_effect,delta_cvar_cross,delta_profit
2.0,3,lam2_kmean_3,2.5926123910835517,0.11672174127891338,15.245039773643155,36444,119.00668946822103,611694.3838666561,16.977173268800072,2.3111352507082374,1294.7310634494502,0.3023558736562953,33.09748903066041,-0.0222550786074045,-0.7842955380080241,0.8530767127393233
2.0,4,lam2_kmean_4,1.894623366123164,0.08818362966730854,14.745800163122663,36402,116.11799431857881,610083.942149813,16.557672238628243,2.48459093905211,1319.8394954101675,0.3128679195976022,30.70669975644172,-0.04207944430952071,-3.175084812226718,-2.035618436902894
