lambda,n_hubs,config,abandonment_pct,avg_queue_wait_min,avg_true_wait_min,matched_riders,avg_earnings,total_earnings,avg_profit_per_hr,avg_idle_time,variance,fairness_cv,cvar,fairness_effect,delta_cvar_cross,delta_profit
3.3000000000000003,3,lam3_kmean_3,3.1069325120224778,0.15671455408730217,24.415993086332353,35864,109.69880283509727,578770.8837579732,15.64324131787909,1.4867873195347132,457.01886043854836,0.19487905880858478,65.1879021945419,0.08111739151944275,-1.7598338908198343,-2.0664674438620523
3.3000000000000003,4,lam3_kmean_4,3.6659768323165,0.17870194643544987,24.34488830049645,35843,110.65109747827601,578594.5887139053,15.791018384773091,1.4465554569117238,468.28304747670654,0.19556831422577078,66.10460907653183,0.05846960504055765,-0.8431270088299101,-1.1141728006833063
