lambda,n_hubs,config,abandonment_pct,avg_queue_wait_min,avg_true_wait_min,matched_riders,avg_earnings,total_earnings,avg_profit_per_hr,avg_idle_time,variance,fairness_cv,cvar,fairness_effect,delta_cvar_cross,delta_profit
4.4,3,lam4_kmean_3,3.8796131193602426,0.19490961992720696,24.404890071900365,35578,110.52416599514585,574615.1390087632,15.805655892489678,1.4356577470421445,517.0231967127469,0.20573006714396969,63.061851372339,-0.03952739102382363,-3.8858847130227403,-1.2411042838134705
4.4,4,lam4_kmean_4,4.219284310293761,0.2235456843000682,24.449131773847043,35572,112.0273910137039,574924.5706823284,16.005553695571592,1.3688275490643076,478.6061978050976,0.19528322439389267,66.66605323277062,0.037713867974506265,-0.2816828525911177,0.26212073474458464
