lambda,n_hubs,config,abandonment_pct,avg_queue_wait_min,avg_true_wait_min,matched_riders,avg_earnings,total_earnings,avg_profit_per_hr,avg_idle_time,variance,fairness_cv,cvar,fairness_effect,delta_cvar_cross,delta_profit
1.9,3,lam2_kmean_3,3.462574044157243,0.16117768271251037,24.509856071191383,35854,108.68960230658764,579750.3387033385,15.547094184316274,1.5094786787036243,460.6300200407348,0.19746408604344484,64.43525225135838,0.07385679016983426,-2.512483834003362,-3.0756679723716758
1.9,4,lam2_kmean_4,4.164427727028479,0.19980356077809625,24.48565611031123,35670,111.97513975034266,577343.8205527668,16.021492078646695,1.3530617555169524,462.05295042469845,0.1919659757620533,67.4244260830099,0.07099584482143417,0.47668999764816533,0.20986947138334244
