lambda,n_hubs,config,abandonment_pct,avg_queue_wait_min,avg_true_wait_min,matched_riders,avg_earnings,total_earnings,avg_profit_per_hr,avg_idle_time,variance,fairness_cv,cvar,fairness_effect,delta_cvar_cross,delta_profit
2.1,3,lam2_kmean_3,3.148083483306025,0.141548448399129,15.458892325120036,36057,119.92186007076457,603806.5654562996,17.121906553727055,2.2408752925806357,1273.1331241416465,0.29753533721549597,34.96127678417495,-0.005202422833444409,1.0794922155065123,1.7682473152828635
2.1,4,lam2_kmean_4,2.2102876882387865,0.1056993097722777,15.110210274461824,36235,117.42347073372859,608136.1549299804,16.776039981619917,2.3795301950404113,1324.070680663389,0.3098850834261696,32.73650267894479,-0.04542017717346458,-1.1452818897236483,-0.7301420217531103
