lambda,n_hubs,config,abandonment_pct,avg_queue_wait_min,avg_true_wait_min,matched_riders,avg_earnings,total_earnings,avg_profit_per_hr,avg_idle_time,variance,fairness_cv,cvar,fairness_effect,delta_cvar_cross,delta_profit
4.9,3,lam5_kmean_3,2.7464430213552693,0.13240316422760678,15.239289043585094,36296,117.99003064799943,608828.5581436771,16.855191010337048,2.3472084773893984,1349.5281842796828,0.3113477026847093,30.336531812957208,-0.0655201524463902,-3.5452527557112283,-0.1635821074822701
4.9,4,lam5_kmean_4,1.9883987589370027,0.09464811894556195,14.941737210761318,36328,116.44254379616876,608994.5040539626,16.645171253867893,2.4329778632695986,1368.5343441652483,0.31769923270613576,28.414689458703062,-0.0805264684423006,-5.467095109965374,-1.7110689593129393
