lambda,n_hubs,config,abandonment_pct,avg_queue_wait_min,avg_true_wait_min,matched_riders,avg_earnings,total_earnings,avg_profit_per_hr,avg_idle_time,variance,fairness_cv,cvar,fairness_effect,delta_cvar_cross,delta_profit
4.300000000000001,3,lam4_kmean_3,4.2728595290694535,0.21383202197433662,24.443751242461417,35532,111.74340427039078,573243.6639071048,15.972889110523747,1.3731366747829494,493.92020632434225,0.19888704662179646,66.00801127398164,0.006923506104202004,-0.9397248113801027,-0.021866008568537154
4.300000000000001,4,lam4_kmean_4,4.1658837739900685,0.21498536344235977,24.447062340909287,35703,114.07474222162725,578016.7188369853,16.317380543715007,1.2581527211272108,430.6184613572063,0.18191010576477457,71.88130633783555,0.13419806208413865,4.933570252473814,2.309471942667926
