lambda,n_hubs,config,abandonment_pct,avg_queue_wait_min,avg_true_wait_min,matched_riders,avg_earnings,total_earnings,avg_profit_per_hr,avg_idle_time,variance,fairness_cv,cvar,fairness_effect,delta_cvar_cross,delta_profit
1.5,3,lam2_kmean_3,4.341421608013285,0.21805620994220776,24.446420935011222,35717,112.30676072059214,576919.8298216818,16.052888274897164,1.3495854516942338,466.9278773796767,0.192406172731458,68.0382528193465,0.06119431148374177,1.0905167339847566,0.541490441632817
1.5,4,lam2_kmean_4,3.98473815729371,0.20068507634448512,24.474386825538545,35734,110.99100019771558,577597.1650289119,15.855894086183,1.4107110394358968,462.5867214807368,0.19377993952897982,67.09602494592129,0.06992264416657878,0.14828886055954626,-0.774270081243742
