lambda,n_hubs,config,abandonment_pct,avg_queue_wait_min,avg_true_wait_min,matched_riders,avg_earnings,total_earnings,avg_profit_per_hr,avg_idle_time,variance,fairness_cv,cvar,fairness_effect,delta_cvar_cross,delta_profit
3.9000000000000004,3,lam4_kmean_3,4.651659590376244,0.21654212961536184,24.376710128332988,35707,113.29298292734924,577907.5059124085,16.189101968690785,1.312997707075917,493.7872860165332,0.1961403473913413,66.96530105830013,0.007190755816921635,0.01756497293838777,1.5277126483899224
3.9000000000000004,4,lam4_kmean_4,4.223295816521555,0.2094500695665077,24.378523542890502,36081,112.42746587071684,583161.2654714083,16.088439513428366,1.342947293154808,474.0908796209636,0.19366822784837745,67.98507056358815,0.046792371533802224,1.0373344782264127,0.6621955917575235
