lambda,n_hubs,config,abandonment_pct,avg_queue_wait_min,avg_true_wait_min,matched_riders,avg_earnings,total_earnings,avg_profit_per_hr,avg_idle_time,variance,fairness_cv,cvar,fairness_effect,delta_cvar_cross,delta_profit
1.4,3,lam1_kmean_3,2.317862924986508,0.10481258994043423,14.787337229568063,36201,116.17271128637053,607002.416471286,16.600162491445918,2.4688235547837833,1318.9090197478818,0.3126103077210242,31.542592736860957,-0.041344787130015215,-2.3391918318074794,-1.9809014691111742
1.4,4,lam1_kmean_4,1.984638521860565,0.09208141944227613,14.929448190794133,36497,118.10769703794524,612388.4091417461,16.876761314159737,2.3732097096078375,1352.0710411465739,0.3113304176055292,29.825611065249696,-0.06752786541453792,-4.056173503418741,-0.04591571753645951
