lambda,n_hubs,config,abandonment_pct,avg_queue_wait_min,avg_true_wait_min,matched_riders,avg_earnings,total_earnings,avg_profit_per_hr,avg_idle_time,variance,fairness_cv,cvar,fairness_effect,delta_cvar_cross,delta_profit
3.5,3,lam4_kmean_3,2.0294757187726504,0.09281220894632902,14.966687542143537,36495,116.42264160209986,612965.2080350558,16.653659790904157,2.4288511308427716,1355.7535900000753,0.3162663106747177,29.554751526038658,-0.07043542233812183,-4.327033042629779,-1.7309711533818444
3.5,4,lam4_kmean_4,2.3304858515750135,0.10940104004476982,15.371010145258639,36587,121.01426312623512,613179.2712606334,17.27278236697172,2.2071661755638887,1236.1172733073142,0.29053153385397557,35.56564748299004,0.024023446980443453,1.683862914321601,2.8606503707534188
