lambda,n_hubs,config,abandonment_pct,avg_queue_wait_min,avg_true_wait_min,matched_riders,avg_earnings,total_earnings,avg_profit_per_hr,avg_idle_time,variance,fairness_cv,cvar,fairness_effect,delta_cvar_cross,delta_profit
1.0,3,lam1_kmean_3,3.321791819952391,0.16885303466775628,24.48830898393687,35740,110.40250566037393,577073.8970867746,15.750063414610944,1.4372347224246371,435.09299966001697,0.18893486942980534,66.73237126656208,0.1252015505977474,-0.21536481879965663,-1.3627646185853877
1.0,4,lam1_kmean_4,4.003644549255012,0.17909164992712587,24.55985292739591,35822,111.69974134864572,579274.8586340767,15.94223580147287,1.3729693064352508,445.48924612638183,0.1889585053166353,69.60839336210579,0.10429884635868547,2.660657276744047,-0.0655289303136044
