lambda,n_hubs,config,abandonment_pct,avg_queue_wait_min,avg_true_wait_min,matched_riders,avg_earnings,total_earnings,avg_profit_per_hr,avg_idle_time,variance,fairness_cv,cvar,fairness_effect,delta_cvar_cross,delta_profit
2.8,3,lam3_kmean_3,3.482693855647974,0.16752638077416482,24.46342808317822,35972,111.29085217375803,580270.5032339743,15.884756213681024,1.3927495848853144,423.09855809444366,0.1848252510350546,70.26612518274946,0.14931758760870484,3.3183890973877226,-0.4744181052012948
2.8,4,lam3_kmean_4,3.0908548653851367,0.15379208876197697,24.355248039383547,35743,109.95542949795589,577485.9157232643,15.713788975394317,1.4652696046624631,436.07494495172574,0.18991702039792385,66.76199456968334,0.12322725034640825,-0.18574151567840147,-1.8098407810034303
