lambda,n_hubs,config,abandonment_pct,avg_queue_wait_min,avg_true_wait_min,matched_riders,avg_earnings,total_earnings,avg_profit_per_hr,avg_idle_time,variance,fairness_cv,cvar,fairness_effect,delta_cvar_cross,delta_profit
1.1,3,lam1_kmean_3,2.673437583964748,0.11942822229238066,15.333348824721797,36223,118.23260691890468,606887.9713147377,16.90361215341689,2.3110178889899196,1351.8435048197196,0.31097533467588045,31.91144363884737,-0.06734821407824043,-1.9703409298210666,0.07899416342297627
1.1,4,lam1_kmean_4,2.451492038003479,0.10898343935411607,15.306653072241449,36449,118.9491814157182,610804.0465697129,17.000738954384786,2.2893019384135633,1286.861075823776,0.30158127624662745,30.885544289363363,-0.01604132885964704,-2.9962402793050735,0.7955686602364977
