lambda,n_hubs,config,abandonment_pct,avg_queue_wait_min,avg_true_wait_min,matched_riders,avg_earnings,total_earnings,avg_profit_per_hr,avg_idle_time,variance,fairness_cv,cvar,fairness_effect,delta_cvar_cross,delta_profit
3.6,3,lam4_kmean_3,3.9028200500983115,0.19202691021480692,24.33490681919065,35678,112.83533161920225,574331.8379417395,16.139658975722067,1.3177859552070104,449.68151467682645,0.18793488734019656,69.29364216059224,0.09586986673761022,2.345906075230502,1.0700613402429298
3.6,4,lam4_kmean_4,3.750370190883881,0.18168123266529695,24.400398773004063,35750,110.67984415828838,577195.3872854739,15.831210859748829,1.4211705408749256,461.3016339855511,0.1940546069244992,65.59348586718617,0.07250644245571025,-1.3542502181755651,-1.0854261206709452
