lambda,n_hubs,config,abandonment_pct,avg_queue_wait_min,avg_true_wait_min,matched_riders,avg_earnings,total_earnings,avg_profit_per_hr,avg_idle_time,variance,fairness_cv,cvar,fairness_effect,delta_cvar_cross,delta_profit
1.7000000000000002,3,lam2_kmean_3,2.0111552075512176,0.08966242096074728,15.008677516823546,36542,118.77679952074106,613957.2767227106,16.962576034621364,2.3379211505946955,1301.0919164358374,0.3036843211674244,32.05770340200902,-0.027277290905521223,-1.8240811666594183,0.6231867652593621
1.7000000000000002,4,lam2_kmean_4,2.234621884808327,0.10085141762454468,15.251194278715976,36444,119.75233855503171,612293.7070318771,17.08904890804159,2.2751333857751646,1266.0682938512698,0.29712867292681566,34.64659371489892,0.00037561483608972157,0.7648091462304833,1.5987257995500102
