lambda,n_hubs,config,abandonment_pct,avg_queue_wait_min,avg_true_wait_min,matched_riders,avg_earnings,total_earnings,avg_profit_per_hr,avg_idle_time,variance,fairness_cv,cvar,fairness_effect,delta_cvar_cross,delta_profit
3.2,3,lam3_kmean_3,3.6542798840081625,0.18698421106693242,24.421586515577946,35883,111.77966948101678,578683.3489032239,15.981674495525265,1.3643803775404646,467.02090880499065,0.19333271114460351,65.9909722039934,0.061007262400732176,-0.9567638813683459,0.01439920205746148
3.2,4,lam3_kmean_4,3.684493415748455,0.18705326555304125,24.406222244510452,35839,110.5433839045146,579357.875043561,15.773271735538293,1.4483308775979309,441.7028497321666,0.190121987519203,68.3799797799742,0.11191177898934146,1.4322436946124668,-1.221886374444722
