lambda,n_hubs,config,abandonment_pct,avg_queue_wait_min,avg_true_wait_min,matched_riders,avg_earnings,total_earnings,avg_profit_per_hr,avg_idle_time,variance,fairness_cv,cvar,fairness_effect,delta_cvar_cross,delta_profit
2.0,3,lam2_kmean_3,4.508525308674969,0.21863059602591983,24.517353106056344,35731,114.2584997132077,578833.5595471102,16.28979747527886,1.2700689002150731,456.10433827957075,0.18691475436611846,71.1611381042401,0.08295613074816577,4.213402018878355,2.493229434248377
2.0,4,lam2_kmean_4,4.31724211995919,0.20300293060890462,24.401522852750304,35638,112.05353281887271,574610.5162951793,16.03023878390942,1.3508144792652406,489.0101793930937,0.19734830303009923,66.63844696802724,0.01679561149163844,-0.30928911733450093,0.28826253991339
