lambda,n_hubs,config,abandonment_pct,avg_queue_wait_min,avg_true_wait_min,matched_riders,avg_earnings,total_earnings,avg_profit_per_hr,avg_idle_time,variance,fairness_cv,cvar,fairness_effect,delta_cvar_cross,delta_profit
2.2,3,lam2_kmean_3,1.6447191615157217,0.07670486007524639,14.777530455163118,36598,116.8469762015087,615199.3297009433,16.691176108698503,2.4419270252778085,1269.7183808913571,0.30495532781710943,33.126349215065254,-0.002506311858514687,-0.7554353536031826,-1.3066365539730072
2.2,4,lam2_kmean_4,2.1204547286946704,0.10104844434989958,15.096157648772442,36420,118.26603516860858,611790.1999272122,16.87626454776741,2.355637852340469,1288.4184571892486,0.30350680389426615,33.35912306232751,-0.017270959518188134,-0.5226615063409241,0.11242241312687895
