lambda,n_hubs,config,abandonment_pct,avg_queue_wait_min,avg_true_wait_min,matched_riders,avg_earnings,total_earnings,avg_profit_per_hr,avg_idle_time,variance,fairness_cv,cvar,fairness_effect,delta_cvar_cross,delta_profit
2.1,3,lam2_kmean_3,4.909636938917789,0.2377700717854208,24.445276148212315,35463,113.80577058549073,571418.774109749,16.249477113116992,1.2795635960837923,480.3184776548209,0.19257520253203747,67.84280857136098,0.03427115628148636,0.8950724859992363,2.0405003065314133
2.1,4,lam2_kmean_4,3.525407245319718,0.1739787981573611,24.458367337594918,35712,110.82941952824851,576534.6403859487,15.83764131693515,1.41148181494512,451.24430958533253,0.19166852932896636,67.5561137337949,0.09272770962691634,0.6083776484331622,-0.9358507507108129
