lambda,n_hubs,config,abandonment_pct,avg_queue_wait_min,avg_true_wait_min,matched_riders,avg_earnings,total_earnings,avg_profit_per_hr,avg_idle_time,variance,fairness_cv,cvar,fairness_effect,delta_cvar_cross,delta_profit
1.7000000000000002,3,lam2_kmean_3,4.251773812083423,0.2074222707094587,24.542533007191114,35626,111.99876203731102,576793.6244921518,16.006015290791787,1.357637654585139,468.0808152881236,0.19317334426388602,66.97043697274208,0.05887621329472359,0.022700887380338486,0.233491758351704
1.7000000000000002,4,lam2_kmean_4,3.153685114606259,0.1556020400730771,24.489507147395894,36083,110.24975416035734,582890.4502458093,15.771891885531902,1.4308305084485302,446.49449612520937,0.1916595327999458,67.65284119879036,0.10227768963834494,0.7051051134286155,-1.5155161186019797
