lambda,n_hubs,config,abandonment_pct,avg_queue_wait_min,avg_true_wait_min,matched_riders,avg_earnings,total_earnings,avg_profit_per_hr,avg_idle_time,variance,fairness_cv,cvar,fairness_effect,delta_cvar_cross,delta_profit
3.4000000000000004,3,lam3_kmean_3,4.185447520927238,0.2118646465129397,24.40002138024614,35712,112.3843422205485,576419.2912491933,16.050124457986534,1.352391711835823,448.9378758691075,0.18853297284620696,69.10142132367301,0.09736502771794364,2.153685238311269,0.6190719415891834
3.4000000000000004,4,lam3_kmean_4,4.138801600730535,0.19515008759611557,24.45734708751844,35692,111.03212964011641,574924.3672765228,15.853767713056639,1.4084066962239208,482.43590213715623,0.19782042933842547,66.4790633796678,0.03001386035780862,-0.46867270569393327,-0.7331406388429116
