lambda,n_hubs,config,abandonment_pct,avg_queue_wait_min,avg_true_wait_min,matched_riders,avg_earnings,total_earnings,avg_profit_per_hr,avg_idle_time,variance,fairness_cv,cvar,fairness_effect,delta_cvar_cross,delta_profit
4.0,3,lam4_kmean_3,4.088109518302359,0.19330090511125606,24.42777382125671,35661,111.36237352909708,574963.9345307283,15.942163373933512,1.3768566904516093,464.9139451484287,0.19361892646618648,66.3461042229348,0.06524352577694725,-0.6016318624269417,-0.40289674986223645
4.0,4,lam4_kmean_4,3.6440837386794227,0.18850811421654498,24.37323152459209,35855,111.94201475206427,579076.0423124285,16.006507993113555,1.3679332035389762,469.59114157531286,0.19358282740076113,66.36961542283171,0.055839549650038234,-0.5781206625300257,0.17674447310494656
