lambda,n_hubs,config,abandonment_pct,avg_queue_wait_min,avg_true_wait_min,matched_riders,avg_earnings,total_earnings,avg_profit_per_hr,avg_idle_time,variance,fairness_cv,cvar,fairness_effect,delta_cvar_cross,delta_profit
4.0,3,lam4_kmean_3,2.2271117312439626,0.11223146162876686,15.13156345026339,36438,119.05450551445165,608725.6866953913,17.016102663747613,2.30374214142809,1281.422607921994,0.3006771017556045,32.47038460649026,-0.011747385824382173,-1.411399962178173,0.9008927589699454
4.0,4,lam4_kmean_4,1.9269423525312894,0.09229771269375373,14.911243174866426,36594,117.38863668681499,613825.1812353556,16.798686274256276,2.3910889803257254,1298.7870894725374,0.3070032143141649,32.16670620203373,-0.02545751447854072,-1.7150783666347067,-0.7649760686667122
