lambda,n_hubs,config,abandonment_pct,avg_queue_wait_min,avg_true_wait_min,matched_riders,avg_earnings,total_earnings,avg_profit_per_hr,avg_idle_time,variance,fairness_cv,cvar,fairness_effect,delta_cvar_cross,delta_profit
1.6,3,lam2_kmean_3,2.3037154107846023,0.11063681751450745,14.973081533714105,36471,119.19784259583913,610769.7454610798,17.042252825865436,2.317816731060886,1318.3651503533304,0.3046137212721542,31.647492675828005,-0.040915374979202834,-2.2342918928404316,1.0442298403574313
1.6,4,lam2_kmean_4,2.6716631170301675,0.12872355894005713,15.39575373390481,36102,119.62539529497053,604586.7478207811,17.13490555830832,2.238668349679411,1204.431753771601,0.2901133490174488,36.52123960581539,0.049040753028080086,2.639455037146952,1.471782539488828
