lambda,n_hubs,config,abandonment_pct,avg_queue_wait_min,avg_true_wait_min,matched_riders,avg_earnings,total_earnings,avg_profit_per_hr,avg_idle_time,variance,fairness_cv,cvar,fairness_effect,delta_cvar_cross,delta_profit
2.8,3,lam3_kmean_3,2.4500080416018872,0.10923336752642916,15.298600370062456,36392,119.79135486708242,608540.0827247787,17.104692679907146,2.2641757745399755,1182.7254606206109,0.28708896268309314,38.57734015403602,0.06617895959294262,4.695555585367586,1.6377421116007156
2.8,4,lam3_kmean_4,2.154891304347826,0.09875109520517572,14.960491153282499,36007,118.25317681588628,604628.4930596265,16.901489749023433,2.3642827229205268,1299.968403113121,0.30489730215137795,30.766864007301596,-0.026390220816254972,-3.1149205613668407,0.09956406040457466
