lambda,n_hubs,config,abandonment_pct,avg_queue_wait_min,avg_true_wait_min,matched_riders,avg_earnings,total_earnings,avg_profit_per_hr,avg_idle_time,variance,fairness_cv,cvar,fairness_effect,delta_cvar_cross,delta_profit
3.9000000000000004,3,lam4_kmean_3,2.2271117312439626,0.11223146162876686,15.13156345026339,36438,119.05450551445165,608725.6866953913,17.016102663747613,2.30374214142809,1281.422607921994,0.3006771017556045,32.47038460649026,-0.011747385824382173,-1.411399962178173,0.9008927589699454
3.9000000000000004,4,lam4_kmean_4,2.107823267126064,0.09371989251508664,14.828938944175588,36225,115.27478107123554,609111.9431804086,16.471866224028947,2.5003835465035937,1396.5841414862666,0.32418972574834004,26.962939762706085,-0.10267318954507965,-6.918844805962351,-2.8788316842461654
