lambda,n_hubs,config,abandonment_pct,avg_queue_wait_min,avg_true_wait_min,matched_riders,avg_earnings,total_earnings,avg_profit_per_hr,avg_idle_time,variance,fairness_cv,cvar,fairness_effect,delta_cvar_cross,delta_profit
1.0,3,lam1_kmean_3,2.108174884520357,0.09068019514355419,14.94523996670295,36451,118.36750203129331,611249.7804895986,16.902560801521496,2.362218744491519,1268.1643385571654,0.30085365059566666,33.23804819647381,-0.0012793175325531703,-0.6437363721946241,0.21388927581161
1.0,4,lam1_kmean_4,2.178707837968691,0.09425238428506205,14.982614241873861,36368,117.37759650257755,611889.4105679367,16.758032853575948,2.4050931897133165,1291.9138008813522,0.3062185928182473,31.428097682311726,-0.02003070858237721,-2.45368688635671,-0.7760162529041565
