lambda,n_hubs,config,abandonment_pct,avg_queue_wait_min,avg_true_wait_min,matched_riders,avg_earnings,total_earnings,avg_profit_per_hr,avg_idle_time,variance,fairness_cv,cvar,fairness_effect,delta_cvar_cross,delta_profit
2.9000000000000004,3,lam3_kmean_3,1.7945061745002555,0.0845097421062573,14.888975797720427,36502,117.34077499384155,612166.8231428714,16.737378623007555,2.418087294337638,1297.5159013522743,0.30697809891137856,30.605945905192968,-0.02445384773377124,-3.2758386634754686,-0.8128377616401536
2.9000000000000004,4,lam3_kmean_4,2.4329731892757103,0.11172284778513308,15.26159733710337,36573,119.6483243385883,613197.662235265,17.070286465610298,2.278839346917575,1274.5254608927182,0.2983785760900121,31.346769388440258,-0.006301742495338436,-2.5350151802281786,1.494711583106593
