lambda,n_hubs,config,abandonment_pct,avg_queue_wait_min,avg_true_wait_min,matched_riders,avg_earnings,total_earnings,avg_profit_per_hr,avg_idle_time,variance,fairness_cv,cvar,fairness_effect,delta_cvar_cross,delta_profit
3.8000000000000003,3,lam4_kmean_3,4.48080419206502,0.2145716820116005,24.46254308096936,35728,113.06954197080518,577785.3594708145,16.139587500953162,1.3193560020656732,498.0743977217467,0.19737924178330926,66.62326043344973,-0.0014289155523388164,-0.3244756519120102,1.3042716918458552
3.8000000000000003,4,lam4_kmean_4,3.670754187705378,0.18342428816574075,24.42463141985626,36057,111.84369639823079,582929.3456275789,15.97717639705105,1.3721431035257587,436.6664634993475,0.18683722465572472,70.52359536873291,0.1220379425233531,3.575859283371173,0.07842611927146947
