lambda,n_hubs,config,abandonment_pct,avg_queue_wait_min,avg_true_wait_min,matched_riders,avg_earnings,total_earnings,avg_profit_per_hr,avg_idle_time,variance,fairness_cv,cvar,fairness_effect,delta_cvar_cross,delta_profit
4.2,3,lam4_kmean_3,4.344898179075531,0.2063523150088929,24.497471043286236,35511,114.03398014981678,573134.7842329792,16.310115640755377,1.2474536477625626,431.51894246502155,0.1821652983993722,70.37437388029056,0.13238755380786593,3.4266377949288227,2.268709870857464
4.2,4,lam4_kmean_4,4.321799586610474,0.22170593251140366,24.48794756625952,35643,114.21243351106968,576658.5767973908,16.34456460233381,1.2449374185699371,456.4042993652307,0.18705162193083955,68.50092130186594,0.08235302866925065,1.553185216504204,2.4471632321103556
