lambda,n_hubs,config,abandonment_pct,avg_queue_wait_min,avg_true_wait_min,matched_riders,avg_earnings,total_earnings,avg_profit_per_hr,avg_idle_time,variance,fairness_cv,cvar,fairness_effect,delta_cvar_cross,delta_profit
1.2,3,lam1_kmean_3,4.691014244403984,0.22204056993052934,24.48886096371967,35596,114.76263138980758,575649.3590512748,16.384496026632323,1.2328809416893014,466.01698430099043,0.18810501529272938,70.50391299601432,0.06302575407975841,3.5561769106525816,2.99736111084826
1.2,4,lam1_kmean_4,4.2398529968113285,0.19849402691754411,24.435836418591595,35437,112.44469263331942,572455.9301962291,16.061058500679472,1.3498211122246577,490.9205739321873,0.19704556071665255,66.96636729396724,0.012954570192763248,0.018631208605498273,0.6794223543600992
