lambda,n_hubs,config,abandonment_pct,avg_queue_wait_min,avg_true_wait_min,matched_riders,avg_earnings,total_earnings,avg_profit_per_hr,avg_idle_time,variance,fairness_cv,cvar,fairness_effect,delta_cvar_cross,delta_profit
4.800000000000001,3,lam5_kmean_3,3.5001881821603313,0.17869057368906846,24.42430187857766,35896,111.62936328589643,579021.5073639448,15.932157539214613,1.3843556339885794,480.3750073842827,0.1963413417187289,64.66650305229753,0.03415749754710784,-2.281233033064211,-0.13590699306288911
4.800000000000001,4,lam5_kmean_4,4.2223179663937955,0.20266365662442354,24.438883427370666,35568,110.91720023303769,573885.594005737,15.851194757437652,1.41340775229688,470.49702321776994,0.19555978062851412,66.78759151782864,0.05401818305305184,-0.16014456753309503,-0.8480700459216308
