lambda,n_hubs,config,abandonment_pct,avg_queue_wait_min,avg_true_wait_min,matched_riders,avg_earnings,total_earnings,avg_profit_per_hr,avg_idle_time,variance,fairness_cv,cvar,fairness_effect,delta_cvar_cross,delta_profit
4.9,3,lam5_kmean_3,3.1225478258516652,0.16757114442845972,24.370705738494536,35803,111.7114415004482,577994.998323319,15.969159164327658,1.3757644730357725,423.70005879951356,0.18426022886110646,71.43976006982318,0.14810820964923255,4.49202398446144,-0.053828778511118
4.9,4,lam5_kmean_4,4.2223179663937955,0.20266365662442354,24.438883427370666,35568,110.91720023303769,573885.594005737,15.851194757437652,1.41340775229688,470.49702321776994,0.19555978062851412,66.78759151782864,0.05401818305305184,-0.16014456753309503,-0.8480700459216308
