lambda,n_hubs,config,abandonment_pct,avg_queue_wait_min,avg_true_wait_min,matched_riders,avg_earnings,total_earnings,avg_profit_per_hr,avg_idle_time,variance,fairness_cv,cvar,fairness_effect,delta_cvar_cross,delta_profit
2.3,3,lam2_kmean_3,4.369360927418276,0.21659842923600045,24.362324207448406,35719,113.12513189509234,578069.4239839219,16.16725553107519,1.3242473419144545,470.38675658759547,0.19172045209268418,68.58204613848407,0.05423988525734558,1.6343100531223342,1.359861616133017
2.3,4,lam2_kmean_4,4.17880651775116,0.19855134621315418,24.484076157328104,35519,111.41272446342816,573218.4673643379,15.92794537051081,1.3856370409215235,473.28545132259427,0.1952660687438977,67.38076270262897,0.04841176652997259,0.433026617267231,-0.35254581553115827
