lambda,n_hubs,config,abandonment_pct,avg_queue_wait_min,avg_true_wait_min,matched_riders,avg_earnings,total_earnings,avg_profit_per_hr,avg_idle_time,variance,fairness_cv,cvar,fairness_effect,delta_cvar_cross,delta_profit
3.6,3,lam4_kmean_3,2.1499034956036884,0.10884328665154994,15.267693017564225,36502,119.79175213921062,610698.3524056957,17.106561101826944,2.2651188276029828,1241.8987343832337,0.2941820534206067,34.846861092862724,0.019458693640175495,0.9650765241942878,1.6381393837289124
3.6,4,lam4_kmean_4,2.1019330276951123,0.10064798934065268,15.198669668329964,36515,119.29144442667847,612322.9842421405,17.028350296142076,2.2980882171989987,1289.5577710049317,0.3010309188586583,32.903000417895186,-0.018170504888719963,-0.9787841507732509,1.1378316711967642
