lambda,n_hubs,config,abandonment_pct,avg_queue_wait_min,avg_true_wait_min,matched_riders,avg_earnings,total_earnings,avg_profit_per_hr,avg_idle_time,variance,fairness_cv,cvar,fairness_effect,delta_cvar_cross,delta_profit
4.300000000000001,3,lam4_kmean_3,1.9200385614439117,0.09230815913565424,14.896925063772683,36626,117.12814100561876,613400.0744464254,16.714221278121148,2.4231611641607853,1323.5261548407148,0.31060254761098305,32.6300181077933,-0.044990246739742945,-1.2517664608751389,-1.0254717498629446
4.300000000000001,4,lam4_kmean_4,2.0662051060147126,0.10106975628378212,15.089713930297247,36212,115.90049615229023,607550.4008303054,16.560673066318483,2.4388343876391705,1355.4396563074754,0.31765434396015985,29.518374026036312,-0.0701875559505254,-4.363410542632124,-2.2531166031914722
