lambda,n_hubs,config,abandonment_pct,avg_queue_wait_min,avg_true_wait_min,matched_riders,avg_earnings,total_earnings,avg_profit_per_hr,avg_idle_time,variance,fairness_cv,cvar,fairness_effect,delta_cvar_cross,delta_profit
1.5,3,lam2_kmean_3,1.8409029830690673,0.08504319164562218,14.826503907256164,36525,117.83093431514277,610717.732555385,16.851159410347933,2.386692636758942,1326.8350257002623,0.3091356862571637,31.275067635845588,-0.047602766154869025,-2.6067169328228488,-0.3226784403389331
1.5,4,lam2_kmean_4,2.380761308616216,0.1131141799202896,15.14758780687647,36493,118.47041972193014,611188.8953454376,16.9321833872323,2.3293980805438066,1280.2174981795088,0.30201739155082347,34.1608253625371,-0.010795891271333513,0.279040793868667,0.3168069664484392
