lambda,n_hubs,config,abandonment_pct,avg_queue_wait_min,avg_true_wait_min,matched_riders,avg_earnings,total_earnings,avg_profit_per_hr,avg_idle_time,variance,fairness_cv,cvar,fairness_effect,delta_cvar_cross,delta_profit
2.9000000000000004,3,lam3_kmean_3,4.082789141345998,0.18910901397139976,24.485093449619015,35545,111.31787901872228,571951.2623981951,15.924029459320234,1.3713007758319515,447.5969573404594,0.1900547112895271,67.82366364526439,0.10006107994253166,0.8759275599026495,-0.44739126023704046
2.9000000000000004,4,lam3_kmean_4,3.8340801159078106,0.18924548907224617,24.312942940474038,35842,111.65763285523742,579838.0874172479,15.974117976199144,1.3906720494501363,486.35682787814983,0.19751000139245928,64.5312723103781,0.022130442878964263,-2.41646377498364,-0.10763742372189711
