lambda,n_hubs,config,abandonment_pct,avg_queue_wait_min,avg_true_wait_min,matched_riders,avg_earnings,total_earnings,avg_profit_per_hr,avg_idle_time,variance,fairness_cv,cvar,fairness_effect,delta_cvar_cross,delta_profit
4.1,3,lam4_kmean_3,4.109625884188161,0.1971689107237092,24.408463792419084,35653,112.14914213794945,575997.9940205084,16.04782201684151,1.3468156742391604,448.769037799154,0.18889283596348633,69.37312837116063,0.09770449372155854,2.4253922857988925,0.3838718589901333
4.1,4,lam4_kmean_4,3.7651767845230153,0.1822690541760807,24.453053360817417,36064,112.37440654881323,583785.0420210847,16.070382758184728,1.3360128451730355,453.0861213013177,0.18941875091685842,67.03824419518968,0.08902456102536738,0.09050810982793678,0.6091362698539058
