lambda,n_hubs,config,abandonment_pct,avg_queue_wait_min,avg_true_wait_min,matched_riders,avg_earnings,total_earnings,avg_profit_per_hr,avg_idle_time,variance,fairness_cv,cvar,fairness_effect,delta_cvar_cross,delta_profit
3.7,3,lam4_kmean_3,3.71548748921484,0.17477793835954458,24.366717512889053,35710,111.00235800467601,577101.2592663106,15.840792916489029,1.4269476740422364,479.5798215410214,0.19728689891728088,66.16484976084892,0.03575629905210842,-0.7828863245128161,-0.762912274283309
3.7,4,lam4_kmean_4,4.041244864531027,0.19930369107998647,24.455448131196537,35736,113.69779698419147,578266.9954615978,16.220454934056065,1.292789031332133,466.6890909427874,0.19000357599365428,69.5829042209042,0.061674415748559364,2.6351681355424574,1.9325267052321493
