lambda,n_hubs,config,abandonment_pct,avg_queue_wait_min,avg_true_wait_min,matched_riders,avg_earnings,total_earnings,avg_profit_per_hr,avg_idle_time,variance,fairness_cv,cvar,fairness_effect,delta_cvar_cross,delta_profit
1.2,3,lam1_kmean_3,2.361489554950045,0.10730317595269734,15.193083175988289,36550,118.59391212415137,613130.5256818626,16.928735693774,2.325692622325995,1327.0605496236549,0.3071729536892654,31.977604830536535,-0.04778082859775301,-1.9041797381319014,0.44029936866967034
1.2,4,lam1_kmean_4,2.3370300243440627,0.0998503327380744,15.050799266763848,36106,117.62720209498801,604250.9371619534,16.79365110495509,2.3786355386538838,1237.5662361800335,0.29907248493200655,32.96515772496619,0.022879418156878772,-0.9166268437022467,-0.5264106604936956
