lambda,n_hubs,config,abandonment_pct,avg_queue_wait_min,avg_true_wait_min,matched_riders,avg_earnings,total_earnings,avg_profit_per_hr,avg_idle_time,variance,fairness_cv,cvar,fairness_effect,delta_cvar_cross,delta_profit
1.3,3,lam1_kmean_3,4.686038119169184,0.21304326610531196,24.51382046706661,35656,113.6577182590158,577949.4973470953,16.25130016564869,1.2805464293099669,461.25221507248824,0.18896018231716902,68.25604198155992,0.07260580417504914,1.3083058961981777,1.892447980056474
1.3,4,lam1_kmean_4,4.461822759045502,0.2194583399564352,24.515618905533216,35673,113.52851080063235,575248.9642268041,16.24265557942089,1.268353825218231,452.14061337727185,0.18729743010651095,68.5494395304743,0.09092560026640129,1.6017034451125625,1.7632405216730263
