lambda,n_hubs,config,abandonment_pct,avg_queue_wait_min,avg_true_wait_min,matched_riders,avg_earnings,total_earnings,avg_profit_per_hr,avg_idle_time,variance,fairness_cv,cvar,fairness_effect,delta_cvar_cross,delta_profit
1.1,3,lam1_kmean_3,3.6719805457984327,0.18025806722666296,24.361027915136773,35651,110.65342679545711,576283.0467507406,15.812036306470672,1.4392479876052886,471.16449692961123,0.19616494961972258,65.92545950255173,0.052676159695765445,-1.022276582810008,-1.1118434835022128
1.1,4,lam1_kmean_4,3.764193079696497,0.18268194104895877,24.41249560321522,35767,111.94452856815059,575842.6549545666,15.983811296462033,1.3611592530903545,474.8628863940639,0.19466202741252142,65.78817867841663,0.045240173892001856,-1.1595574069451118,0.1792582891912673
