lambda,n_hubs,config,abandonment_pct,avg_queue_wait_min,avg_true_wait_min,matched_riders,avg_earnings,total_earnings,avg_profit_per_hr,avg_idle_time,variance,fairness_cv,cvar,fairness_effect,delta_cvar_cross,delta_profit
2.7,3,lam3_kmean_3,2.4500080416018872,0.10923336752642916,15.298600370062456,36392,119.79135486708242,608540.0827247787,17.104692679907146,2.2641757745399755,1182.7254606206109,0.28708896268309314,38.57734015403602,0.06617895959294262,4.695555585367586,1.6377421116007156
2.7,4,lam3_kmean_4,2.433568695089743,0.11186291010218093,15.110645010512789,36203,119.00407080696512,606920.7611155221,17.016317955880375,2.309072120024181,1286.0501568835696,0.30134718275361383,31.82076968634398,-0.01540106770552252,-2.061014882324457,0.8504580514834146
