lambda,n_hubs,config,abandonment_pct,avg_queue_wait_min,avg_true_wait_min,matched_riders,avg_earnings,total_earnings,avg_profit_per_hr,avg_idle_time,variance,fairness_cv,cvar,fairness_effect,delta_cvar_cross,delta_profit
1.8,3,lam2_kmean_3,2.358604091456077,0.10408682194721762,15.343297654414878,36513,119.53567615023285,612142.1975653424,17.033827396923538,2.2837240321836716,1285.6466144886367,0.2999599432757935,33.19959240380662,-0.015082450755409038,-0.6821921648618172,1.3820633947511425
1.8,4,lam2_kmean_4,2.167341430499325,0.09711356329871089,15.166664644828273,36247,118.91706270427868,607904.0245442726,16.96552980375564,2.321101445590193,1300.4063089303818,0.3032461951672305,32.12612654408206,-0.02673596941091194,-1.7556580245863742,0.7634499487969748
