lambda,n_hubs,config,abandonment_pct,avg_queue_wait_min,avg_true_wait_min,matched_riders,avg_earnings,total_earnings,avg_profit_per_hr,avg_idle_time,variance,fairness_cv,cvar,fairness_effect,delta_cvar_cross,delta_profit
1.4,3,lam1_kmean_3,3.8554544219535387,0.17830726407252662,24.55688716639476,35386,109.76965990979345,572558.5460894826,15.673149454227463,1.4649239448247704,485.7397080662955,0.20077955394552274,63.01375245663568,0.023371224631204446,-3.933983628726061,-1.995610369165874
1.4,4,lam1_kmean_4,3.9572999784343326,0.19655900272904847,24.535478881548645,35628,111.67723893681786,576589.5846307906,15.952605319695401,1.37802702986313,472.4273922171328,0.1946269009188008,67.42839607031478,0.05013698108304454,0.48065998495303575,-0.08803134214146269
