lambda,n_hubs,config,abandonment_pct,avg_queue_wait_min,avg_true_wait_min,matched_riders,avg_earnings,total_earnings,avg_profit_per_hr,avg_idle_time,variance,fairness_cv,cvar,fairness_effect,delta_cvar_cross,delta_profit
2.6,3,lam3_kmean_3,3.4255990081664556,0.15982750120733336,24.465961820727394,35832,110.34950658145466,578893.5115263112,15.785138417860393,1.4294044626846154,432.6159670385927,0.18848677190237592,69.49096960031093,0.13018187502961365,2.5432335149491934,-1.4157636975046586
2.6,4,lam3_kmean_4,4.076712915840789,0.19709503970842066,24.431136962386148,35812,111.88752995483668,577563.429626867,16.007347697896083,1.3586584829364405,490.49451948949934,0.19794083281614458,64.6464711820895,0.013811195709872548,-2.3012649032722408,0.12225967587735909
