lambda,n_hubs,config,abandonment_pct,avg_queue_wait_min,avg_true_wait_min,matched_riders,avg_earnings,total_earnings,avg_profit_per_hr,avg_idle_time,variance,fairness_cv,cvar,fairness_effect,delta_cvar_cross,delta_profit
2.5,3,lam2_kmean_3,4.750776748014977,0.23028278544019568,24.455161930440074,35868,112.86944589335394,579020.2574329057,16.117767396391653,1.3242692466131807,474.72172526667214,0.19303815616130351,68.08283013019856,0.0455239926053681,1.1350940448368192,1.1041756143946202
2.5,4,lam2_kmean_4,3.1709771287155637,0.15356898873323177,24.372434431538807,35605,109.17450360106945,573602.8419200189,15.628009775466769,1.4817660473266592,460.3703423770661,0.19653162410603153,63.65430913403728,0.07437889835750744,-3.293426951324463,-2.5907666778898744
