lambda,n_hubs,config,abandonment_pct,avg_queue_wait_min,avg_true_wait_min,matched_riders,avg_earnings,total_earnings,avg_profit_per_hr,avg_idle_time,variance,fairness_cv,cvar,fairness_effect,delta_cvar_cross,delta_profit
3.4000000000000004,3,lam3_kmean_3,2.5463892682143143,0.1221488536693239,15.20240890739737,36396,118.5531843093626,612090.0905892391,16.924996770975063,2.332669150138559,1303.3992219454244,0.3045267903832331,34.171648290851174,-0.029099024269043205,0.28986372218273715,0.3995715538809037
3.4000000000000004,4,lam3_kmean_4,2.4472438417716442,0.12013170664471941,15.429184315331067,36474,122.13916282774639,611306.5099528707,17.434992477672857,2.1577910121414337,1173.6777530435552,0.2804913659607897,38.57513996954396,0.07332257828064004,4.693355400875525,3.9855500722646866
