lambda,n_hubs,config,abandonment_pct,avg_queue_wait_min,avg_true_wait_min,matched_riders,avg_earnings,total_earnings,avg_profit_per_hr,avg_idle_time,variance,fairness_cv,cvar,fairness_effect,delta_cvar_cross,delta_profit
3.0,3,lam3_kmean_3,2.2587879279133234,0.0972750325528047,15.024095764660922,36175,115.7624234626639,606479.3365208962,16.58303867154511,2.4350594073561798,1344.9428249835262,0.3167993640617723,29.442712466079243,-0.061899781421038025,-4.4390721025891935,-2.391189292817799
3.0,4,lam3_kmean_4,2.1987474128430504,0.1052697734207635,15.174717830968321,36385,118.78206812501847,608995.6632769697,16.969501978735146,2.314602612676791,1266.377267202457,0.2995923160633624,33.6482953062832,0.00013166488669713594,-0.23348926238523404,0.6284553695367663
