lambda,n_hubs,config,abandonment_pct,avg_queue_wait_min,avg_true_wait_min,matched_riders,avg_earnings,total_earnings,avg_profit_per_hr,avg_idle_time,variance,fairness_cv,cvar,fairness_effect,delta_cvar_cross,delta_profit
2.7,3,lam3_kmean_3,3.482693855647974,0.16752638077416482,24.46342808317822,35972,111.29085217375803,580270.5032339743,15.884756213681024,1.3927495848853144,423.09855809444366,0.1848252510350546,70.26612518274946,0.14931758760870484,3.3183890973877226,-0.4744181052012948
2.7,4,lam3_kmean_4,3.844611394807903,0.19531964026146897,24.3364971270897,35965,111.99936461889833,581724.6998305579,16.021927486302545,1.3717294396484336,468.31966130009414,0.19322158335151823,66.79592343450086,0.05839598924818401,-0.15181265086087592,0.23409433993900564
