lambda,n_hubs,config,abandonment_pct,avg_queue_wait_min,avg_true_wait_min,matched_riders,avg_earnings,total_earnings,avg_profit_per_hr,avg_idle_time,variance,fairness_cv,cvar,fairness_effect,delta_cvar_cross,delta_profit
3.0,3,lam3_kmean_3,4.1311229143194375,0.20382607519205426,24.41963818055804,35738,112.76733394545019,578496.4231401595,16.08705229082445,1.3502735901979044,474.4150909650841,0.19315054358942355,68.7843371988709,0.04614051185934909,1.836601113509161,1.0020636664908693
3.0,4,lam3_kmean_4,3.9263208919049926,0.1953416085882231,24.312561182956532,35676,110.15477938670776,577982.1274420556,15.76156504584205,1.467989572020357,475.0024648501973,0.1978538869263227,65.1898471850139,0.04495953729915636,-1.7578889003478366,-1.610490892251562
