lambda,n_hubs,config,abandonment_pct,avg_queue_wait_min,avg_true_wait_min,matched_riders,avg_earnings,total_earnings,avg_profit_per_hr,avg_idle_time,variance,fairness_cv,cvar,fairness_effect,delta_cvar_cross,delta_profit
2.1,3,lam2.1_kmean_3,1.523086789226165,0.13299270948398023,14.921107473765664,36854,118.4059535429701,617723.859633675,16.912580020782435,2.3706277076346822,1343.3595874318491,0.3095441494262004,30.485961382329183,-0.0056407122531167975,1.0592129830293544,0.018966757244868404
2.1,4,lam2.1_kmean_4,1.8379191745485812,0.14897564094183288,14.929137749023813,36532,118.14810987760427,611534.6167264797,16.87017974729179,2.3800716639879376,1318.8192827153468,0.3073731062197451,31.830198364919937,0.01273019137157172,2.4034499656201085,-0.2388769081209574
