lambda,n_hubs,config,abandonment_pct,avg_queue_wait_min,avg_true_wait_min,matched_riders,avg_earnings,total_earnings,avg_profit_per_hr,avg_idle_time,variance,fairness_cv,cvar,fairness_effect,delta_cvar_cross,delta_profit
1.6,3,lam1.6_kmean_3,2.682186234817814,0.23054210379235035,15.63289906068712,36537,121.29621167493582,610119.9447249272,17.333439046411844,2.167098498287298,1234.6016772562186,0.28967845408400933,36.23181143220585,0.07577559896796948,6.805063032906023,2.9092248892105914
1.6,4,lam1.6_kmean_4,1.8661604684116249,0.15226972371806824,15.089808206536512,36705,119.64688687270286,614626.0578650746,17.075587611133702,2.307154879115804,1282.6852854593162,0.2993357948508632,33.535578391373974,0.039780148119619496,4.108829992074146,1.2599000869776376
