lambda,n_hubs,config,abandonment_pct,avg_queue_wait_min,avg_true_wait_min,matched_riders,avg_earnings,total_earnings,avg_profit_per_hr,avg_idle_time,variance,fairness_cv,cvar,fairness_effect,delta_cvar_cross,delta_profit
1.9,3,lam1.9_kmean_3,2.331341194206644,0.18965380938325724,15.409124621109747,36280,121.01592427332889,606652.8283821978,17.26447332412751,2.2149300046365594,1274.6649941170238,0.2950227503384993,35.1726127505679,0.04578414851787449,5.745864351268072,2.6289374876036646
1.9,4,lam1.9_kmean_4,1.9752286893871935,0.15999546469087317,15.198229352236794,36327,119.44664400415431,610014.010929216,17.087209222538792,2.2882568820048754,1296.564042865978,0.3014553768062335,32.721305972768846,0.02939049250231318,3.2945575734690173,1.0596572184290807
