lambda,n_hubs,config,abandonment_pct,avg_queue_wait_min,avg_true_wait_min,matched_riders,avg_earnings,total_earnings,avg_profit_per_hr,avg_idle_time,variance,fairness_cv,cvar,fairness_effect,delta_cvar_cross,delta_profit
3.1,3,lam3.1_kmean_3,1.832093975643927,0.15306246450120345,15.18853433373408,36436,117.87936886282425,610379.371971704,16.846508575677344,2.3553218478210667,1306.762273794011,0.30666237302506044,32.45722400921536,0.021756083733328935,3.0304756099155306,-0.5076179229009767
3.1,4,lam3.1_kmean_4,1.946439537553734,0.15063041674904884,14.991173773394996,36724,118.11777835988164,616456.6852602223,16.87809279246027,2.3683398481623,1330.8894987979515,0.30885577720228213,30.705144224346455,0.003694412111928558,1.2783958250466263,-0.26920842584358695
