lambda,n_hubs,config,abandonment_pct,avg_queue_wait_min,avg_true_wait_min,matched_riders,avg_earnings,total_earnings,avg_profit_per_hr,avg_idle_time,variance,fairness_cv,cvar,fairness_effect,delta_cvar_cross,delta_profit
1.4,3,lam1.4_kmean_3,2.3317166764376696,0.17674098379480052,15.398460021532102,36651,120.52310832972996,614547.3293732931,17.18568018729459,2.2435819408928244,1290.2773497120502,0.29803770670784435,34.29742234814409,0.03409671907052425,4.87067394884426,2.1361215440047374
1.4,4,lam1.4_kmean_4,2.306601375398036,0.187677433249799,15.137464194053637,36509,120.18723097514064,609589.6355059133,17.16097378633833,2.2742903571155773,1248.7587593952944,0.2940227561595301,36.73052015883591,0.06517758909856197,7.30377175953608,1.8002441894154089
