lambda,n_hubs,config,abandonment_pct,avg_queue_wait_min,avg_true_wait_min,matched_riders,avg_earnings,total_earnings,avg_profit_per_hr,avg_idle_time,variance,fairness_cv,cvar,fairness_effect,delta_cvar_cross,delta_profit
2.2,3,lam2.2_kmean_3,1.8403589371591305,0.15233293463113454,15.091100107542426,36536,119.32086379963972,611280.7852455543,17.036512805948316,2.3145534739418285,1295.2085487532995,0.3016153654675611,33.1441677154685,0.03040521713574873,3.7174193161686695,0.933877013914497
2.2,4,lam2.2_kmean_4,1.5684487103866158,0.12741850705260013,14.627164915701064,36713,116.98432362133322,616156.432513562,16.69381962127186,2.4682782948249202,1335.9711828228444,0.31244305587247273,30.848817036170153,-0.00010974307485067669,1.4220686368703248,-1.4026631643920098
