lambda,n_hubs,config,abandonment_pct,avg_queue_wait_min,avg_true_wait_min,matched_riders,avg_earnings,total_earnings,avg_profit_per_hr,avg_idle_time,variance,fairness_cv,cvar,fairness_effect,delta_cvar_cross,delta_profit
3.3000000000000003,3,lam3.3_kmean_3,1.7470904328571815,0.14521414480879738,15.116562915247991,36386,119.43602494864743,608407.11108841,17.080731814292193,2.29456330717772,1236.2607880673013,0.2943877310944799,34.34371032437131,0.07453358648421327,4.9169619250714796,1.0490381629222014
3.3000000000000003,4,lam3.3_kmean_4,2.169826521295451,0.17067088641818387,15.277299929312699,36430,118.39988939052961,609285.8308036653,16.929049637752502,2.31797829194145,1343.429751137135,0.3095680875774932,30.438203322466716,-0.005693236892996056,1.0114549231668875,0.012902604804381212
