lambda,n_hubs,config,abandonment_pct,avg_queue_wait_min,avg_true_wait_min,matched_riders,avg_earnings,total_earnings,avg_profit_per_hr,avg_idle_time,variance,fairness_cv,cvar,fairness_effect,delta_cvar_cross,delta_profit
2.7,3,lam2.7_kmean_3,1.674239965379206,0.1371269636363984,14.857409238486166,36353,117.32503283752021,609268.8955252424,16.768212943664075,2.412586786336435,1310.248518968166,0.30852201156317094,30.31764961553955,0.019146276119026084,0.8909012162397225,-1.0619539482050158
2.7,4,lam2.7_kmean_4,2.031548114906081,0.15927221247303514,15.299379249321477,36457,119.92071073898106,610156.5762399356,17.112037399298767,2.2660466152442766,1310.076029157269,0.301824198724728,31.978349005792538,0.01927540221296986,2.551600606492709,1.53372395325583
