lambda,n_hubs,config,abandonment_pct,avg_queue_wait_min,avg_true_wait_min,matched_riders,avg_earnings,total_earnings,avg_profit_per_hr,avg_idle_time,variance,fairness_cv,cvar,fairness_effect,delta_cvar_cross,delta_profit
4.2,3,lam4.2_kmean_3,2.209677419354839,0.18025686321736775,15.427225055995189,36378,120.32999211331521,608508.770117035,17.19280337910569,2.2278308680443177,1246.880785653865,0.2934530164365571,33.66016354043132,0.06658344265303295,4.233415141131491,1.9430053275899866
4.2,4,lam4.2_kmean_4,2.61053874221936,0.2021662828792816,15.335334857051327,36299,119.17586214088243,606962.6658835142,17.044426170818603,2.284630691596579,1319.7170474874536,0.3048260728479609,32.57539405397829,0.012058123510290342,3.1486456546784645,0.7888753551572023
