lambda,n_hubs,config,abandonment_pct,avg_queue_wait_min,avg_true_wait_min,matched_riders,avg_earnings,total_earnings,avg_profit_per_hr,avg_idle_time,variance,fairness_cv,cvar,fairness_effect,delta_cvar_cross,delta_profit
2.6,3,lam2.6_kmean_3,1.3446643717728055,0.1082669601394055,14.881210627818618,36684,117.57185401637811,615371.0839217231,16.803460467943495,2.3998427144949708,1364.005142856286,0.3141265446519954,29.19739211430341,-0.021096001556246247,-0.22935628499642036,-0.815132769347116
2.6,4,lam2.6_kmean_4,1.787814003206841,0.14255164885083105,15.238785886057478,36751,120.75357279353594,616205.4819654139,17.240071456077967,2.241247260187173,1218.6810504032796,0.289097968459351,36.64170186205778,0.08769380067486576,7.214953462757951,2.36658600781071
