lambda,n_hubs,config,abandonment_pct,avg_queue_wait_min,avg_true_wait_min,matched_riders,avg_earnings,total_earnings,avg_profit_per_hr,avg_idle_time,variance,fairness_cv,cvar,fairness_effect,delta_cvar_cross,delta_profit
1.0,3,lam1.0_kmean_3,1.8711911729173938,0.1515344984296922,14.960397277414257,36552,117.69499417016388,612484.7496615328,16.817298729700028,2.393310163049537,1263.9603286681079,0.30207078893932404,33.12712351914953,0.053797674819539565,3.7003751198496992,-0.6919926155613467
1.0,4,lam1.0_kmean_4,1.9909550697101874,0.17721975057381012,15.229563986678308,36625,120.25263024167059,614130.1826442117,17.183128716709952,2.262484644662901,1302.304989071689,0.3000970787344341,33.16045847481004,0.025092812800368902,3.7337100755102135,1.86564345594536
