lambda,n_hubs,config,abandonment_pct,avg_queue_wait_min,avg_true_wait_min,matched_riders,avg_earnings,total_earnings,avg_profit_per_hr,avg_idle_time,variance,fairness_cv,cvar,fairness_effect,delta_cvar_cross,delta_profit
4.5,3,lam4.5_kmean_3,1.7759931008462244,0.1406434057227909,14.985439862512775,36447,117.63112142469994,608623.4222513975,16.792734665137267,2.389356015184023,1320.0847825564222,0.30887209585283876,31.649353022611763,0.011782836565426225,2.222604623311934,-0.7558653610252861
4.5,4,lam4.5_kmean_4,2.3420214775241486,0.18340746393807436,15.317246205407073,36194,119.67179829081991,605180.2839566763,17.105055389700546,2.266148665953606,1312.2991822886675,0.3027084971489393,33.284185542042195,0.01761114692389909,3.8574371427423664,1.2848115050946802
