lambda,n_hubs,config,abandonment_pct,avg_queue_wait_min,avg_true_wait_min,matched_riders,avg_earnings,total_earnings,avg_profit_per_hr,avg_idle_time,variance,fairness_cv,cvar,fairness_effect,delta_cvar_cross,delta_profit
3.6,3,lam3.6_kmean_3,1.8913792642855234,0.15666371028506712,15.169247510175033,36725,119.42911330037269,613268.4967974138,17.050186005522107,2.29822116146625,1243.0534792684728,0.29521247024962577,34.565013602362654,0.06944856912804831,5.138265203062826,1.0421265146474639
3.6,4,lam3.6_kmean_4,2.023074859136034,0.16203408954823637,15.02101307935812,36516,117.48942647662288,612354.8907961585,16.77442797654214,2.400604743796727,1351.9924267140511,0.3129596487200475,30.315551510354567,-0.012103266825803649,0.8888031110547381,-0.8975603091023459
