lambda,n_hubs,config,abandonment_pct,avg_queue_wait_min,avg_true_wait_min,matched_riders,avg_earnings,total_earnings,avg_profit_per_hr,avg_idle_time,variance,fairness_cv,cvar,fairness_effect,delta_cvar_cross,delta_profit
3.2,3,lam3.2_kmean_3,1.4754010408283706,0.1314120408244509,15.11608432871774,36728,119.20778519321388,614635.3404562108,17.052255142251866,2.297087050374775,1253.3687121805258,0.2969851988445229,32.76892994353529,0.06172657252357616,3.342181544235462,0.8207984074886525
3.2,4,lam3.2_kmean_4,1.7899186643835618,0.13046952749597623,14.802438853732877,36707,117.29932199251112,616056.0391046684,16.738523326921896,2.4356917672890672,1399.8991127490033,0.31897222460705804,28.42401802737642,-0.04796627351188176,-1.002730371923409,-1.0876647932141026
