lambda,n_hubs,config,abandonment_pct,avg_queue_wait_min,avg_true_wait_min,matched_riders,avg_earnings,total_earnings,avg_profit_per_hr,avg_idle_time,variance,fairness_cv,cvar,fairness_effect,delta_cvar_cross,delta_profit
3.8000000000000003,3,lam3.8_kmean_3,1.6324014260058435,0.12419118499031256,14.910971956470306,36698,117.56908222013233,615826.8526690531,16.81192891726598,2.3972732778626176,1332.7108427698913,0.31050946115635447,29.555281450895894,0.002330951675619697,0.1285330515960652,-0.8179045655928974
3.8000000000000003,4,lam3.8_kmean_4,2.084960805969345,0.17589156708222875,15.180486259335527,36349,118.23224528606828,608896.0632232516,16.918371662875845,2.333335092910397,1328.33065061999,0.3082599898920532,31.173196628126544,0.005609969143945848,1.746448228826715,-0.15474149965695005
