lambda,n_hubs,config,abandonment_pct,avg_queue_wait_min,avg_true_wait_min,matched_riders,avg_earnings,total_earnings,avg_profit_per_hr,avg_idle_time,variance,fairness_cv,cvar,fairness_effect,delta_cvar_cross,delta_profit
1.3,3,lam1.3_kmean_3,1.863420939250323,0.1537458030377701,15.03047679128033,36444,119.56204560210305,608690.3741603066,17.073730856727156,2.309241023760858,1288.2705146291044,0.300199660427017,33.37860766632797,0.035599038390734195,3.9518592670281443,1.1750588163778275
1.3,4,lam1.3_kmean_4,2.2373960919788405,0.1757049714561381,15.291339530894547,36223,120.40164439174345,606944.6893787787,17.213286347451586,2.239457999254806,1249.5446328449395,0.293591493598227,35.50930435139589,0.06458928322496271,6.082555952096062,2.0146576060182184
