lambda,n_hubs,config,abandonment_pct,avg_queue_wait_min,avg_true_wait_min,matched_riders,avg_earnings,total_earnings,avg_profit_per_hr,avg_idle_time,variance,fairness_cv,cvar,fairness_effect,delta_cvar_cross,delta_profit
4.800000000000001,3,lam4.8_kmean_3,2.542191839350566,0.20047774081312952,15.660831432338368,36496,121.2714785162747,612542.2379857035,17.316779423432763,2.1730814595452403,1222.107413836485,0.2882677225151604,36.758377466388346,0.08512882060873628,7.331629067088517,2.8844917305494704
4.800000000000001,4,lam4.8_kmean_4,1.6755582960242352,0.1315892111881178,14.984596227340079,36676,118.87858474884297,614364.5259820204,17.002810082386205,2.334172001366281,1261.0623119193003,0.2987202383419262,34.760824935990854,0.055967133879242126,5.334076536691025,0.49159796311774073
