lambda,n_hubs,config,abandonment_pct,avg_queue_wait_min,avg_true_wait_min,matched_riders,avg_earnings,total_earnings,avg_profit_per_hr,avg_idle_time,variance,fairness_cv,cvar,fairness_effect,delta_cvar_cross,delta_profit
2.8,3,lam2.8_kmean_3,2.906914322525231,0.22571705870769007,15.438884094799521,36173,119.38635211482186,605527.5779263765,17.040227917850896,2.2813051874952217,1326.5161013145664,0.3050714600168899,32.56775488980582,0.006968343084175044,3.1410064905059905,0.9993653290966336
2.8,4,lam2.8_kmean_4,1.6722228196580278,0.15295881913491288,15.215972600904031,36574,120.02949363656477,611670.299571934,17.135551077184193,2.2679338222623677,1315.7890364291345,0.30220744401528205,31.975729088537324,0.014998637632780643,2.5489806892374958,1.6425068508395384
