lambda,n_hubs,config,abandonment_pct,avg_queue_wait_min,avg_true_wait_min,matched_riders,avg_earnings,total_earnings,avg_profit_per_hr,avg_idle_time,variance,fairness_cv,cvar,fairness_effect,delta_cvar_cross,delta_profit
1.7000000000000002,3,lam1.7_kmean_3,1.678973750875869,0.14086334024926223,14.98055676370024,36483,117.21117441396738,612076.7527897377,16.725851187859213,2.416397764755363,1364.8973601628365,0.315196204686232,30.758506346254315,-0.02176391657768839,1.331757946954486,-1.1758123717578428
1.7000000000000002,4,lam1.7_kmean_4,1.740327019588797,0.127338764260885,14.665864159337978,36417,115.77269155835954,610237.8572041132,16.530640627632756,2.505280504820864,1372.3685067596134,0.3199847208868135,29.811190736282004,-0.027356826514255417,0.38444233698217545,-2.6142952273656874
