lambda,n_hubs,config,abandonment_pct,avg_queue_wait_min,avg_true_wait_min,matched_riders,avg_earnings,total_earnings,avg_profit_per_hr,avg_idle_time,variance,fairness_cv,cvar,fairness_effect,delta_cvar_cross,delta_profit
4.0,3,lam4.0_kmean_3,1.5955141402102069,0.12210199634408184,14.71106186844143,36327,114.82347015595431,609482.9795878055,16.447505846085015,2.5112324763710836,1370.6847808441723,0.32243199284948365,27.228975562022228,-0.02609638713176654,-2.1977728372776006,-3.563516629770916
4.0,4,lam4.0_kmean_4,1.8518020802537158,0.15356613276713638,15.310618008286806,36518,118.62839752731182,610936.2472656559,16.923521253182553,2.3186623835948947,1290.8534828751287,0.30286550472363305,32.98888098380817,0.033665425044790864,3.562132584508344,0.24141074158659137
