lambda,n_hubs,config,abandonment_pct,avg_queue_wait_min,avg_true_wait_min,matched_riders,avg_earnings,total_earnings,avg_profit_per_hr,avg_idle_time,variance,fairness_cv,cvar,fairness_effect,delta_cvar_cross,delta_profit
1.5,3,lam1.5_kmean_3,1.8122176812217683,0.1418158638303425,14.780146572908011,36518,116.09829752565501,611721.9296626763,16.6015204971241,2.4742994759270407,1334.7160873493438,0.31467960494121244,31.536837733841026,0.0008298230083673142,2.110089334541197,-2.288689260070214
1.5,4,lam1.5_kmean_4,2.260599072162184,0.17671902462172642,15.03385127098188,36448,118.13241609402955,610153.9291256627,16.865113415389903,2.372325704072191,1326.3848088266068,0.30829443344356505,30.904605010962655,0.007066628809263453,1.4778566116628262,-0.25457069169567603
