lambda,n_hubs,config,abandonment_pct,avg_queue_wait_min,avg_true_wait_min,matched_riders,avg_earnings,total_earnings,avg_profit_per_hr,avg_idle_time,variance,fairness_cv,cvar,fairness_effect,delta_cvar_cross,delta_profit
2.0,3,lam2.0_kmean_3,1.6389045358225371,0.12589598268737515,14.849540971778596,36670,118.08539462571329,615697.2475784691,16.851995137043676,2.396016229661082,1278.4362123399528,0.30279126794061006,32.90641523141726,0.04296100971330574,3.4796668321174344,-0.30159216001193556
2.0,4,lam2.0_kmean_4,1.962455065903342,0.16108725589692857,14.991835827169934,36818,119.0772608593687,616820.2112515299,17.01842347175713,2.333967203514876,1298.0724159344707,0.3025663489147545,32.865395279648695,0.0282613224862327,3.438646880348866,0.6902740736434794
