lambda,n_hubs,config,abandonment_pct,avg_queue_wait_min,avg_true_wait_min,matched_riders,avg_earnings,total_earnings,avg_profit_per_hr,avg_idle_time,variance,fairness_cv,cvar,fairness_effect,delta_cvar_cross,delta_profit
4.1,3,lam4.1_kmean_3,1.6203579298113613,0.13658474157643188,15.016432200307621,36611,118.24222736596755,613795.4022567376,16.88836074096787,2.3644670528569707,1271.6200139748194,0.30158245710674003,32.762202878949346,0.04806362456259983,3.335454479649517,-0.14475941975767626
4.1,4,lam4.1_kmean_4,2.522904967892743,0.2109285565504038,15.151267113944513,36280,117.50086824020973,607009.4853289234,16.77648252468825,2.385873258877899,1330.1728091600298,0.31039374242239315,32.16539623761372,0.004230926895227749,2.7386478383138915,-0.886118545515501
