lambda,n_hubs,config,abandonment_pct,avg_queue_wait_min,avg_true_wait_min,matched_riders,avg_earnings,total_earnings,avg_profit_per_hr,avg_idle_time,variance,fairness_cv,cvar,fairness_effect,delta_cvar_cross,delta_profit
3.7,3,lam3.7_kmean_3,1.6670274951288158,0.1180784276527658,15.00854595414602,36336,116.28472010250788,608983.0791768337,16.617442831258533,2.4328690563856434,1317.2438118880993,0.31211197486556636,30.67315729013507,0.013909590856021059,1.2464088908352409,-2.1022666832173513
3.7,4,lam3.7_kmean_4,2.0115785822906385,0.15850739485918686,15.117567951155213,36729,119.2422652080552,615170.8462083568,17.018760028970192,2.3169090888234884,1325.1042657470653,0.3052775083976768,30.93430407338562,0.008025245003042802,1.5075556740857898,0.8552784223299739
