lambda,n_hubs,config,abandonment_pct,avg_queue_wait_min,avg_true_wait_min,matched_riders,avg_earnings,total_earnings,avg_profit_per_hr,avg_idle_time,variance,fairness_cv,cvar,fairness_effect,delta_cvar_cross,delta_profit
2.9000000000000004,3,lam2.9_kmean_3,2.131045830972998,0.17192763032713274,15.15130535627361,36281,118.21821219817413,607759.8289108132,16.86808250477293,2.359398440276194,1334.6982857697803,0.3090346410060461,31.84635383929363,0.000843149293688783,2.419605439993802,-0.16877458755109842
2.9000000000000004,4,lam2.9_kmean_4,2.184433571294885,0.18407385170230864,15.448249742315365,36584,119.81377662328698,611649.32966188,17.090553963017985,2.2605323153248564,1321.2641074576316,0.3033807782118111,31.308810395739616,0.010899992429927674,1.8820619964397878,1.4267898375617563
