lambda,n_hubs,config,abandonment_pct,avg_queue_wait_min,avg_true_wait_min,matched_riders,avg_earnings,total_earnings,avg_profit_per_hr,avg_idle_time,variance,fairness_cv,cvar,fairness_effect,delta_cvar_cross,delta_profit
3.5,3,lam3.5_kmean_3,1.6892894729740668,0.15011519685724445,15.171438666737389,36431,118.75486580059007,611468.8040072382,16.96541409592105,2.3241778803407085,1294.7029684179568,0.30299374194458845,34.3021974836681,0.030783695224037233,4.875449084368274,0.3678790148648403
3.5,4,lam3.5_kmean_4,1.5694643291282853,0.12800458611824872,14.80988548264578,36438,115.8344369945174,611721.6617680464,16.549669328000597,2.478941338268325,1351.4643423861721,0.3173690732276311,29.221097611015992,-0.011707942219803424,-0.20565078828383676,-2.5525497912078237
