lambda,n_hubs,config,abandonment_pct,avg_queue_wait_min,avg_true_wait_min,matched_riders,avg_earnings,total_earnings,avg_profit_per_hr,avg_idle_time,variance,fairness_cv,cvar,fairness_effect,delta_cvar_cross,delta_profit
1.2,3,lam1.2_kmean_3,1.8020433884851572,0.15910716788408152,15.219443312528773,36619,120.15132168973518,614574.0104429955,17.15461806405783,2.2717455475301964,1222.1674320840593,0.2909623534170797,37.05290262067066,0.08508389087152846,7.626154221370829,1.7643349040099565
1.2,4,lam1.2_kmean_4,1.6237868645320859,0.13088067209385526,14.898249474536774,36593,117.83988330352571,612413.8735284231,16.839310596183424,2.3877184003558987,1346.0637202374014,0.3113440036341289,31.49229860771057,-0.007665029543918456,2.065550208410741,-0.5471034821995175
