lambda,n_hubs,config,abandonment_pct,avg_queue_wait_min,avg_true_wait_min,matched_riders,avg_earnings,total_earnings,avg_profit_per_hr,avg_idle_time,variance,fairness_cv,cvar,fairness_effect,delta_cvar_cross,delta_profit
4.9,3,lam4.9_kmean_3,2.1271459227467813,0.1732252578173447,15.37926468399462,36487,119.70917989270262,611354.7817120323,17.138277428269156,2.2488923000780483,1263.7229607580493,0.296960361092397,35.5525775113827,0.053975368741830065,6.125829112082872,1.3221931069773945
4.9,4,lam4.9_kmean_4,2.245569011147646,0.18209986064359032,15.217013018679774,36567,117.27979101126904,613490.5867799483,16.766365116386993,2.37598646276821,1392.5333664107895,0.31818494103882505,27.69788796586861,-0.04245226634422705,-1.728860433431219,-1.107195774456187
