lambda,n_hubs,config,abandonment_pct,avg_queue_wait_min,avg_true_wait_min,matched_riders,avg_earnings,total_earnings,avg_profit_per_hr,avg_idle_time,variance,fairness_cv,cvar,fairness_effect,delta_cvar_cross,delta_profit
2.5,3,lam2.5_kmean_3,1.2940795858945324,0.113685177028824,14.853726279017186,36612,117.17849800762052,615069.9360420001,16.753185290337395,2.4171760172889383,1280.3615909069497,0.30536439089177825,31.90183918087704,0.04151966884553915,2.4750907815772116,-1.2084887781047087
2.5,4,lam2.5_kmean_4,1.8641739177285093,0.15213773672444525,15.23433002936536,36429,119.32573750872325,609754.5186695758,17.068812201245443,2.2825625547366792,1267.6195012694923,0.2983735549222884,34.39280646975648,0.05105841351114482,4.966058070456651,0.938750722998023
