lambda,n_hubs,config,abandonment_pct,avg_queue_wait_min,avg_true_wait_min,matched_riders,avg_earnings,total_earnings,avg_profit_per_hr,avg_idle_time,variance,fairness_cv,cvar,fairness_effect,delta_cvar_cross,delta_profit
3.9000000000000004,3,lam3.9_kmean_3,2.2494832630929054,0.17332891586224244,15.00299522662177,36415,117.7979069616221,609250.7748055095,16.81268130239973,2.393221537045019,1351.6901161736535,0.3121051932414473,30.269728991892976,-0.011876956767043811,0.8429805925931468,-0.5890798241031234
3.9000000000000004,4,lam3.9_kmean_4,1.9073938605760115,0.157298892998657,14.975950074365732,36205,117.27646270878499,606436.5886671272,16.732630880317284,2.417000456358126,1324.3770852980847,0.3103094278978749,31.586370556818274,0.008569613220972716,2.159622157518445,-1.1105240769402371
