lambda,n_hubs,config,abandonment_pct,avg_queue_wait_min,avg_true_wait_min,matched_riders,avg_earnings,total_earnings,avg_profit_per_hr,avg_idle_time,variance,fairness_cv,cvar,fairness_effect,delta_cvar_cross,delta_profit
2.3,3,lam2.3_kmean_3,1.9691596819256394,0.1661551274778885,15.223106070371248,36491,119.65111129931778,611536.8298508131,17.086695413379836,2.2853668567274714,1282.8051572963839,0.2993392126558902,32.44373287580366,0.0396904119084549,3.0169844765038327,1.2641245135925487
2.3,4,lam2.3_kmean_4,1.623446206600943,0.1166624061166198,14.810518846727913,36722,119.14512198993724,616456.8611759352,17.034037144502015,2.3454875335911103,1285.8565771314934,0.30096777597979285,33.92080840298801,0.037406115101351056,4.49406000368818,0.7581352042120102
