lambda,n_hubs,config,abandonment_pct,avg_queue_wait_min,avg_true_wait_min,matched_riders,avg_earnings,total_earnings,avg_profit_per_hr,avg_idle_time,variance,fairness_cv,cvar,fairness_effect,delta_cvar_cross,delta_profit
3.4000000000000004,3,lam3.4_kmean_3,1.7630465444287728,0.14072203697303085,14.810586436968823,36218,116.6953557888696,608682.9757947439,16.686255573891795,2.4458716729475625,1339.0301161840473,0.31357512204906385,30.861272862569777,-0.0023996645172366105,1.4345244632699483,-1.691630996855622
3.4000000000000004,4,lam3.4_kmean_4,1.7992373382029108,0.1502762958805709,14.731946864449094,36568,115.89114281092185,613180.0366125875,16.551231938615135,2.496940596970902,1370.9115964361104,0.3194879476962241,28.085083743773733,-0.02626618157516103,-1.3416646555260954,-2.4958439748033783
