lambda,n_hubs,config,abandonment_pct,avg_queue_wait_min,avg_true_wait_min,matched_riders,avg_earnings,total_earnings,avg_profit_per_hr,avg_idle_time,variance,fairness_cv,cvar,fairness_effect,delta_cvar_cross,delta_profit
1.1,3,lam1.1_kmean_3,1.9648728847541905,0.15614257169568513,14.995398910063289,36672,118.51197052238852,613773.4953354502,16.914547024728275,2.361207961142668,1336.1044051012614,0.30843096924482827,30.709447525467354,-0.00020947344355382036,1.2826991261675253,0.12498373666329599
1.1,4,lam1.1_kmean_4,2.009310787671233,0.15663405611844758,15.13444860280851,36625,119.06097012831454,613759.3010114614,17.005884961877154,2.31743755627306,1329.7892367524262,0.3062823635229675,32.18890259095391,0.004518069692131976,2.76215419165408,0.6739833425893096
