lambda,n_hubs,config,abandonment_pct,avg_queue_wait_min,avg_true_wait_min,matched_riders,avg_earnings,total_earnings,avg_profit_per_hr,avg_idle_time,variance,fairness_cv,cvar,fairness_effect,delta_cvar_cross,delta_profit
1.8,3,lam1.8_kmean_3,1.2257543103448276,0.0990964246788876,14.621274272242601,36665,116.3790301901,614481.279403728,16.6037560628845,2.487877092589234,1354.1776108129673,0.3162008847380435,28.770300690049144,-0.013739098448399378,-0.6564477092506849,-2.007956595625231
1.8,4,lam1.8_kmean_4,1.6384965025448408,0.1341805826289813,14.834285992482599,36139,116.8970720592033,607397.1864196203,16.729747820528537,2.431557484140175,1311.9618565050969,0.3098539029261085,32.49202470296629,0.017863669438663576,3.0652763036664616,-1.4899147265219312
