lambda,n_hubs,config,abandonment_pct,avg_queue_wait_min,avg_true_wait_min,matched_riders,avg_earnings,total_earnings,avg_profit_per_hr,avg_idle_time,variance,fairness_cv,cvar,fairness_effect,delta_cvar_cross,delta_profit
3.0,3,lam3.0_kmean_3,1.4826973790431086,0.11210379868657872,14.772395426460948,36611,117.54245735381286,612983.9151001341,16.80617559146599,2.4111746326334784,1318.2965423443961,0.30889564872085457,30.42284539462497,0.01312151548455276,0.9960969953251428,-0.8445294319123633
3.0,4,lam3.0_kmean_4,2.0032586340447125,0.15501126807058693,15.093247086585516,36689,119.20957418274382,615717.4506538719,17.044861310874182,2.3103756878796453,1305.7667524751887,0.3031249375752985,33.82318629732835,0.022501332271017582,4.39643789802852,0.8225873970185944
