lambda,n_hubs,config,abandonment_pct,avg_queue_wait_min,avg_true_wait_min,matched_riders,avg_earnings,total_earnings,avg_profit_per_hr,avg_idle_time,variance,fairness_cv,cvar,fairness_effect,delta_cvar_cross,delta_profit
4.300000000000001,3,lam4.3_kmean_3,1.8712133397673045,0.15563954735309243,15.198020684106153,36604,119.38855635186756,614492.8995430623,17.0234050677456,2.3123656236953853,1310.698081540528,0.3032414964460238,31.427966969463455,0.018809733000041406,2.0012185701636263,1.0015695661423365
4.300000000000001,4,lam4.3_kmean_4,1.8465119970371153,0.15324357648635967,15.196282282680665,37103,118.92384238332222,619593.2188171088,17.013208739572388,2.3003322577590493,1292.7225236023771,0.30233172724729374,32.18914773133908,0.03226625875620737,2.762399332039248,0.5368555975969969
