lambda,n_hubs,config,abandonment_pct,avg_queue_wait_min,avg_true_wait_min,matched_riders,avg_earnings,total_earnings,avg_profit_per_hr,avg_idle_time,variance,fairness_cv,cvar,fairness_effect,delta_cvar_cross,delta_profit
2.4000000000000004,3,lam2.4_kmean_3,1.6581701100080493,0.13823681795070103,14.87948894740903,36652,116.9326553232746,613662.5751365451,16.712709743433663,2.4300849752258693,1393.1563912353786,0.31920091236431053,29.233219879826837,-0.0429186635279839,-0.19352851947299143,-1.4543314624506252
2.4000000000000004,4,lam2.4_kmean_4,1.507362784471218,0.12397766032378761,14.910141049235538,36787,117.7830596481634,616947.6664370799,16.827622216856,2.3950400631001845,1355.3867076621266,0.3125710699005104,30.384664813003546,-0.014644229902365469,0.9579164137037175,-0.6039271375618256
