lambda,n_hubs,config,abandonment_pct,avg_queue_wait_min,avg_true_wait_min,matched_riders,avg_earnings,total_earnings,avg_profit_per_hr,avg_idle_time,variance,fairness_cv,cvar,fairness_effect,delta_cvar_cross,delta_profit
4.7,3,lam4.7_kmean_3,2.2805693336208757,0.1839521045899277,15.330223805006884,36250,118.96667504444943,607324.8761019143,16.98418342847454,2.302749615910791,1298.8842469182782,0.3029422879009384,33.256585256941975,0.027653584769225636,3.829836857642146,0.5796882587242038
4.7,4,lam4.7_kmean_4,2.1300478392174678,0.18658865279024353,15.257440660473256,36620,118.99527934427822,613182.6744610657,17.002975846374788,2.3024615616590305,1292.9655297869056,0.30217862489709896,32.61048062301571,0.032084344014408184,3.1837322237158823,0.6082925585529892
