lambda,n_hubs,config,abandonment_pct,avg_queue_wait_min,avg_true_wait_min,matched_riders,avg_earnings,total_earnings,avg_profit_per_hr,avg_idle_time,variance,fairness_cv,cvar,fairness_effect,delta_cvar_cross,delta_profit
4.4,3,lam4.4_kmean_3,2.849782216084139,0.2146326546361503,15.600746329716689,36579,121.35096107003942,610759.3870655084,17.346213927433745,2.1671312783536885,1250.9634738072164,0.291460089810078,34.58446069556927,0.06352713705856983,5.157712296269441,2.9639742843141903
4.4,4,lam4.4_kmean_4,2.2090560574783518,0.17686412498455423,15.218412332831537,36477,118.77024606077194,608341.2003232739,16.981628048460813,2.310475868745097,1349.0565323984401,0.3092483694202818,31.536451493443767,-0.009905452570950768,2.1097030941439385,0.3832592750467114
