lambda,n_hubs,config,abandonment_pct,avg_queue_wait_min,avg_true_wait_min,matched_riders,avg_earnings,total_earnings,avg_profit_per_hr,avg_idle_time,variance,fairness_cv,cvar,fairness_effect,delta_cvar_cross,delta_profit
4.6,3,lam4.6_kmean_3,1.8989542378774507,0.14120290241232802,15.129347898006262,36679,118.69473302497414,614838.717069366,16.929196888836092,2.3420591502775596,1323.6976839655074,0.3065229217414731,32.33794639160817,0.009078213931006607,2.9111979923083418,0.30774623924891387
4.6,4,lam4.6_kmean_4,2.1224968669173134,0.16910037460938449,15.11478387072861,36707,117.59836454540492,614804.2498433769,16.832376455260793,2.362919969192416,1298.168900214093,0.30638275592246283,33.67634165373552,0.028189094230605338,4.249593254435691,-0.7886222403203078
