param_set,lambda,n_hubs,config,abandonment_pct,avg_queue_wait_min,avg_true_wait_min,matched_riders,avg_earnings,total_earnings,avg_profit_per_hr,avg_idle_ratio,variance,cvar,fairness_effect,delta_cvar_cross,delta_profit
mle,1.7000000000000002,4,mle_lam1.7000000000000002_k4,1.8630547673858344,0.14054512264612007,13.853418057474608,36662,113.74413989806654,592265.7364492324,16.288414127806174,0.37556028414399734,1490.3968782083546,23.815205508189788,-0.10835386395509095,-6.633064268114698,-2.458504233226165
