param_set,lambda,n_hubs,config,abandonment_pct,avg_queue_wait_min,avg_true_wait_min,matched_riders,avg_earnings,total_earnings,avg_profit_per_hr,avg_idle_ratio,variance,cvar,fairness_effect,delta_cvar_cross,delta_profit
given,3.8000000000000003,4,given_lam3.8000000000000003_k4,23.215392241913495,1.8940118251258307,25.381502875865753,24783,151.00997743222726,493953.6361808154,21.515331273508263,0.05384736233212659,602.5372356673216,98.19907680147394,0.055003642837403555,-6.6891822018220495,-6.648732137644771
