param_set,lambda,n_hubs,config,abandonment_pct,avg_queue_wait_min,avg_true_wait_min,matched_riders,avg_earnings,total_earnings,avg_profit_per_hr,avg_idle_ratio,variance,cvar,fairness_effect,delta_cvar_cross,delta_profit
given,2.4000000000000004,4,given_lam2.4000000000000004_k4,23.463929002133646,2.053656489707941,25.269903346527016,24751,153.32030911409484,496144.52029321087,21.87834053381792,0.046741458841614486,648.7443809068742,96.79046059803055,-0.01746587662374588,-8.097798405265436,-4.33840045577719
