param_set,lambda,n_hubs,config,abandonment_pct,avg_queue_wait_min,avg_true_wait_min,matched_riders,avg_earnings,total_earnings,avg_profit_per_hr,avg_idle_ratio,variance,cvar,fairness_effect,delta_cvar_cross,delta_profit
given,2.9000000000000004,4,given_lam2.9000000000000004_k4,23.341864265671735,1.9210671173189526,25.17014405537048,24861,151.6675364810741,495801.17675663123,21.70168159888946,0.05220081516577503,627.840253150447,96.91383979687747,0.015319357898078922,-7.974419206418517,-5.991173088797922
