param_set,lambda,n_hubs,config,abandonment_pct,avg_queue_wait_min,avg_true_wait_min,matched_riders,avg_earnings,total_earnings,avg_profit_per_hr,avg_idle_ratio,variance,cvar,fairness_effect,delta_cvar_cross,delta_profit
mle,4.300000000000001,4,mle_lam4.300000000000001_k4,1.933930720877357,0.14998036837142986,14.18829435756245,36662,116.85961914745765,593062.5671733476,16.68417960890817,0.35407946043299426,1417.9394378327138,28.340292607388324,-0.05446990513388217,-2.107977168916161,0.6569750161649495
