param_set,lambda,n_hubs,config,abandonment_pct,avg_queue_wait_min,avg_true_wait_min,matched_riders,avg_earnings,total_earnings,avg_profit_per_hr,avg_idle_ratio,variance,cvar,fairness_effect,delta_cvar_cross,delta_profit
given,3.9000000000000004,4,given_lam3.9000000000000004_k4,23.23963176206164,1.9190772993307328,25.584612413969534,24931,151.23862105770488,498028.7791430222,21.576675194703814,0.049426260042220366,632.9606238561433,96.45465954416407,0.007288764305226292,-8.433599459131912,-6.420088512167155
