param_set,lambda,n_hubs,config,abandonment_pct,avg_queue_wait_min,avg_true_wait_min,matched_riders,avg_earnings,total_earnings,avg_profit_per_hr,avg_idle_ratio,variance,cvar,fairness_effect,delta_cvar_cross,delta_profit
given,1.1,4,given_lam1.1_k4,24.028137726767866,2.1481488688716577,24.371313929903923,24624,154.32406460091764,491522.1457539227,22.064944701424814,0.054739201762511965,701.1475689038265,94.04574268436183,-0.09965303258595193,-10.842516318934159,-3.334644968954393
