param_set,lambda,n_hubs,config,abandonment_pct,avg_queue_wait_min,avg_true_wait_min,matched_riders,avg_earnings,total_earnings,avg_profit_per_hr,avg_idle_ratio,variance,cvar,fairness_effect,delta_cvar_cross,delta_profit
given,3.4000000000000004,4,given_lam3.4000000000000004_k4,22.181209094574893,1.869326894858741,24.85742186537375,25088,150.64983200783826,500006.7924340152,21.55840311225402,0.05923339135185811,674.6060123673512,93.0009255988542,-0.05802627036167918,-11.88733340444179,-7.008877562033774
