param_set,lambda,n_hubs,config,abandonment_pct,avg_queue_wait_min,avg_true_wait_min,matched_riders,avg_earnings,total_earnings,avg_profit_per_hr,avg_idle_ratio,variance,cvar,fairness_effect,delta_cvar_cross,delta_profit
given,1.9,4,given_lam1.9_k4,26.352541325505946,1.3353237370770477,26.06517139145427,23836,147.80470092144864,479035.03568641504,21.17662063968312,0.05150569752809157,617.3653062345753,94.85107434840413,0.03174786404012209,-10.03718465489186,-9.854008648423388
