param_set,lambda,n_hubs,config,abandonment_pct,avg_queue_wait_min,avg_true_wait_min,matched_riders,avg_earnings,total_earnings,avg_profit_per_hr,avg_idle_ratio,variance,cvar,fairness_effect,delta_cvar_cross,delta_profit
mle,4.7,4,mle_lam4.7_k4,1.1896110886825462,0.05615660075098541,13.699156538191778,36713,113.95810348652174,595317.1326135895,16.303836310163504,0.37709921962713816,1412.6502681140964,26.82421509429029,-0.050536542295796405,-3.6240546820141937,-2.2445406447709644
