param_set,lambda,n_hubs,config,abandonment_pct,avg_queue_wait_min,avg_true_wait_min,matched_riders,avg_earnings,total_earnings,avg_profit_per_hr,avg_idle_ratio,variance,cvar,fairness_effect,delta_cvar_cross,delta_profit
given,2.9000000000000004,4,given_lam2.9000000000000004_k4,26.351100667820926,1.391541094456034,26.673523710475582,23821,148.29603119055812,478551.29265193106,21.195138955449597,0.03939301317275792,539.6768597431986,100.19473628924241,0.1535914524229437,-4.693522714053572,-9.362678379313905
