param_set,lambda,n_hubs,config,abandonment_pct,avg_queue_wait_min,avg_true_wait_min,matched_riders,avg_earnings,total_earnings,avg_profit_per_hr,avg_idle_ratio,variance,cvar,fairness_effect,delta_cvar_cross,delta_profit
given,3.3000000000000003,4,given_lam3.3000000000000003_k4,26.93886368546122,1.4102139310352018,26.261546977882368,23674,147.77932349453104,477770.5528578189,21.105604816338758,0.05444284814560961,652.18353638508,91.97800391238262,-0.02285971654970642,-12.910255090913367,-9.879386075340989
