param_set,lambda,n_hubs,config,abandonment_pct,avg_queue_wait_min,avg_true_wait_min,matched_riders,avg_earnings,total_earnings,avg_profit_per_hr,avg_idle_ratio,variance,cvar,fairness_effect,delta_cvar_cross,delta_profit
given,4.800000000000001,4,given_lam4.800000000000001_k4,23.763723519406216,1.2509116262092859,25.535092698993513,24651,148.87004600651954,498119.17393781437,21.215322074412075,0.057865965404144015,666.2581287131081,92.13792354037047,-0.04493376889238809,-12.75033546292552,-8.788663563352486
