param_set,lambda,n_hubs,config,abandonment_pct,avg_queue_wait_min,avg_true_wait_min,matched_riders,avg_earnings,total_earnings,avg_profit_per_hr,avg_idle_ratio,variance,cvar,fairness_effect,delta_cvar_cross,delta_profit
mle,3.8000000000000003,4,mle_lam3.8000000000000003_k4,2.1694878937218767,0.10599836605421284,14.093020577636086,36526,116.96427938428641,590903.5394494149,16.724822495681224,0.35342005122756237,1355.3055554113598,29.301965326589347,-0.007891368496266038,-1.1463044497151387,0.7616352529937132
