param_set,lambda,n_hubs,config,abandonment_pct,avg_queue_wait_min,avg_true_wait_min,matched_riders,avg_earnings,total_earnings,avg_profit_per_hr,avg_idle_ratio,variance,cvar,fairness_effect,delta_cvar_cross,delta_profit
given,3.2,4,given_lam3.2_k4,25.808823529411768,1.3554735113750984,26.10941007336008,24216,149.0307959306908,488970.0414485965,21.288791253613635,0.04858632233004928,620.7329865286382,97.47245331530468,0.02646612305949536,-7.415805687991309,-8.62791363918123
