param_set,lambda,n_hubs,config,abandonment_pct,avg_queue_wait_min,avg_true_wait_min,matched_riders,avg_earnings,total_earnings,avg_profit_per_hr,avg_idle_ratio,variance,cvar,fairness_effect,delta_cvar_cross,delta_profit
given,2.4000000000000004,4,given_lam2.4000000000000004_k4,25.50847196074195,1.273521560701492,25.885592444354565,24136,148.04311504631752,484841.20177668985,21.109188827480846,0.0534283950988073,618.7398841305722,94.50765982377864,0.02959202863699606,-10.380599179517347,-9.615594523554506
