param_set,lambda,n_hubs,config,abandonment_pct,avg_queue_wait_min,avg_true_wait_min,matched_riders,avg_earnings,total_earnings,avg_profit_per_hr,avg_idle_ratio,variance,cvar,fairness_effect,delta_cvar_cross,delta_profit
mle,2.4000000000000004,4,mle_lam2.4000000000000004_k4,1.7375033413525796,0.08810623760982451,13.968201260353394,36760,116.29589747346347,596481.6581413941,16.586820510046696,0.361561719768953,1345.7249135372574,30.980419074589555,-0.0007665941522025932,0.53214929828507,0.09325334217076886
