param_set,lambda,n_hubs,config,abandonment_pct,avg_queue_wait_min,avg_true_wait_min,matched_riders,avg_earnings,total_earnings,avg_profit_per_hr,avg_idle_ratio,variance,cvar,fairness_effect,delta_cvar_cross,delta_profit
mle,1.7000000000000002,4,mle_lam1.7000000000000002_k4,2.1019977001042975,0.0957689648256278,14.127504582093835,36607,115.73935944555234,593279.9565179013,16.56522362268152,0.35871957817847827,1361.7681997773818,28.670496660467208,-0.01269740168056721,-1.7777731158372774,-0.4632846857403621
