param_set,lambda,n_hubs,config,abandonment_pct,avg_queue_wait_min,avg_true_wait_min,matched_riders,avg_earnings,total_earnings,avg_profit_per_hr,avg_idle_ratio,variance,cvar,fairness_effect,delta_cvar_cross,delta_profit
given,1.7000000000000002,4,given_lam1.7000000000000002_k4,24.797426857178202,1.2451675093600123,25.794233114105236,24316,147.98672945667172,489392.1143132134,21.12305779386426,0.05322523121893555,645.1200661924586,92.85079842573899,-0.01178164003288984,-12.037460577556999,-9.671980113200306
