lambda,n_hubs,config,abandonment_pct,avg_queue_wait_min,avg_true_wait_min,matched_riders,avg_earnings,total_earnings,avg_profit_per_hr,avg_idle_time,avg_idle_ratio,variance,fairness_cv,cvar,fairness_effect,delta_cvar_cross,delta_profit
3.5,3,lam3.5_kmean_3,1.9965161463218546,0.09978970522544285,14.096988307222801,36570,117.03227890717525,592417.3958281211,16.719876488546088,2.481857528283078,0.3632712964679309,1364.8654013137914,0.31567431771490706,30.133767116965323,-0.01500067763378432,-0.314502659339162,0.8296347758825533
3.5,4,lam3.5_kmean_4,1.599207093300474,0.07929192979847229,13.844297547797208,36734,114.19202340600184,594940.4419452696,16.29336409800659,2.629372599966424,0.3632712964679309,1408.298384959543,0.3286333032866933,25.956619781168353,-0.047300205330552236,-4.491649995136132,-2.010620725290863
