lambda,n_hubs,config,abandonment_pct,avg_queue_wait_min,avg_true_wait_min,matched_riders,avg_earnings,total_earnings,avg_profit_per_hr,avg_idle_time,avg_idle_ratio,variance,fairness_cv,cvar,fairness_effect,delta_cvar_cross,delta_profit
3.2,3,lam3.2_kmean_3,2.1226541196599475,0.10160105312574472,14.282845245787188,36612,116.16053902107323,593348.0333196421,16.64277957113482,2.4693474454488293,0.3632712964679309,1361.3969397835642,0.31763896072794556,28.360722636700658,-0.012421309147969906,-2.087547139603828,-0.042105110219466724
3.2,4,lam3.2_kmean_4,1.6245730116463595,0.07502564978034035,13.983992890996637,36575,114.72617591681441,593937.4127213482,16.425316122049516,2.5656865131329303,0.3632712964679309,1423.1545095797917,0.3288240006059115,27.428524417499194,-0.05834816400988396,-3.0197453588052916,-1.4764682144782881
