lambda,n_hubs,config,abandonment_pct,avg_queue_wait_min,avg_true_wait_min,matched_riders,avg_earnings,total_earnings,avg_profit_per_hr,avg_idle_time,avg_idle_ratio,variance,fairness_cv,cvar,fairness_effect,delta_cvar_cross,delta_profit
1.5,3,lam1.5_kmean_3,1.8300513698630136,0.09237084082339415,14.122203917287587,36692,116.71446544849925,594543.4869946552,16.679824362764737,2.4872030922829143,0.3632712964679309,1359.7210932031387,0.3159368123941139,29.042779629664114,-0.011175043096310233,-1.4054901466403713,0.5118213172065538
1.5,4,lam1.5_kmean_4,1.9164736884133196,0.09004830900977638,14.17815311027168,36849,115.49978476379925,596902.8876593146,16.52600443217926,2.5170155469162743,0.3632712964679309,1371.9736807167062,0.32069465022829896,27.790674491963358,-0.020286846074880405,-2.6575952843411272,-0.7028593674934456
