lambda,n_hubs,config,abandonment_pct,avg_queue_wait_min,avg_true_wait_min,matched_riders,avg_earnings,total_earnings,avg_profit_per_hr,avg_idle_time,avg_idle_ratio,variance,fairness_cv,cvar,fairness_effect,delta_cvar_cross,delta_profit
4.800000000000001,3,lam4.8_kmean_3,2.054042473420637,0.10089111196259001,13.9404764992557,36574,114.46175968833106,592568.5299064899,16.347885182316567,2.603582464523857,0.3632712964679309,1481.69701582914,0.33629412846933704,25.866214486562523,-0.1018840932350451,-4.582055289741962,-1.7408844429616437
4.800000000000001,4,lam4.8_kmean_4,1.6644186673860264,0.07833200783221868,13.730982052715131,36453,113.51969257817433,590415.9210990847,16.22846680479791,2.656274906877749,0.3632712964679309,1403.9369499380875,0.33006737235750955,26.2635017213447,-0.04405676498986222,-4.184768054959786,-2.6829515531183716
