lambda,n_hubs,config,abandonment_pct,avg_queue_wait_min,avg_true_wait_min,matched_riders,avg_earnings,total_earnings,avg_profit_per_hr,avg_idle_time,avg_idle_ratio,variance,fairness_cv,cvar,fairness_effect,delta_cvar_cross,delta_profit
2.1,3,lam2.1_kmean_3,2.1327267861921326,0.10121700116306893,14.121640208471064,36573,115.4541041595224,591586.8297133928,16.518539298935355,2.526849969192976,0.3632712964679309,1402.03584339758,0.3243173498162522,26.212491421379013,-0.042642981311990624,-4.235778354925472,-0.748539971770299
2.1,4,lam2.1_kmean_4,1.7132913933877658,0.08247870716899407,14.001103138251644,36715,115.78604356702844,595371.8360216602,16.521133835922136,2.5487510549002588,0.3632712964679309,1351.9349049126417,0.3175569896147809,30.33812762144923,-0.005384738511380993,-0.1101421548552537,-0.4166005642642574
