lambda,n_hubs,config,abandonment_pct,avg_queue_wait_min,avg_true_wait_min,matched_riders,avg_earnings,total_earnings,avg_profit_per_hr,avg_idle_time,avg_idle_ratio,variance,fairness_cv,cvar,fairness_effect,delta_cvar_cross,delta_profit
1.6,3,lam1.6_kmean_3,1.967265554193101,0.09401192168526483,14.07787908307657,36776,116.45649745390132,595791.4409741592,16.64732928521297,2.5011109343233353,0.3632712964679309,1347.0783912123845,0.3151611747773539,30.866434640134997,-0.0017731261927200759,0.418164863830512,0.25385332260862015
1.6,4,lam1.6_kmean_4,1.5931438396647144,0.07622655929008271,14.012295866332225,36629,115.47571477017514,595046.3582107126,16.5085695083142,2.546310522149021,0.3632712964679309,1393.102687137791,0.3232219945122644,26.952301991532813,-0.03599971843173422,-3.495967784771672,-0.7269293611175556
