lambda,n_hubs,config,abandonment_pct,avg_queue_wait_min,avg_true_wait_min,matched_riders,avg_earnings,total_earnings,avg_profit_per_hr,avg_idle_time,avg_idle_ratio,variance,fairness_cv,cvar,fairness_effect,delta_cvar_cross,delta_profit
1.3,3,lam1.3_kmean_3,1.4815414507772022,0.0653833149178156,13.96486895657655,36507,114.93329950201439,592940.8921308923,16.44157210596167,2.5692079484002215,0.3632712964679309,1430.559491001433,0.3290842420356013,26.164180635592427,-0.06385497893360936,-4.284089140712059,-1.269344629278308
1.3,4,lam1.3_kmean_4,1.7359058418874616,0.08385898930990927,13.845107789934051,36568,114.29871563209338,593096.0354149325,16.33438973642477,2.616278564210245,0.3632712964679309,1435.2592776756853,0.331454432497775,26.336137332649272,-0.06735003907251302,-4.112132443655213,-1.9039284991993242
