lambda,n_hubs,config,abandonment_pct,avg_queue_wait_min,avg_true_wait_min,matched_riders,avg_earnings,total_earnings,avg_profit_per_hr,avg_idle_time,avg_idle_ratio,variance,fairness_cv,cvar,fairness_effect,delta_cvar_cross,delta_profit
4.0,3,lam4.0_kmean_3,1.6428321348738253,0.07728580269656038,13.765036461645623,36521,114.21279478289465,592764.4049232232,16.323878294381448,2.6299467607973233,0.3632712964679309,1403.4054015054335,0.32800224258094246,27.006906623916635,-0.043661471784525174,-3.4413631523878507,-1.989849348398053
4.0,4,lam4.0_kmean_4,1.7708110421570726,0.08646310672535151,14.275895446607526,36722,116.75402187760614,594277.9713570152,16.691447827547247,2.460220723221303,0.3632712964679309,1327.343005633262,0.31204679978419014,30.83362586315179,0.012903361112835077,0.38535608684730605,0.5513777463134346
