lambda,n_hubs,config,abandonment_pct,avg_queue_wait_min,avg_true_wait_min,matched_riders,avg_earnings,total_earnings,avg_profit_per_hr,avg_idle_time,avg_idle_ratio,variance,fairness_cv,cvar,fairness_effect,delta_cvar_cross,delta_profit
1.2,3,lam1.2_kmean_3,2.3149264528574873,0.10804175866299424,14.234661242953067,36459,117.88796925935044,590147.1741123083,16.860642626634615,2.421304830365423,0.3632712964679309,1361.8915467150946,0.31304139880263043,29.855019764665872,-0.01278913030468054,-0.593250011638613,1.685325128057741
1.2,4,lam1.2_kmean_4,1.9058565662505682,0.09274732262666603,14.159913109147215,36698,116.23975746167352,595147.5582037685,16.611475500009668,2.50145697506799,0.3632712964679309,1363.9335550464893,0.3177180671378196,30.000152242429607,-0.014307697511457551,-0.4481175338748784,0.03711333038081932
