lambda,n_hubs,config,abandonment_pct,avg_queue_wait_min,avg_true_wait_min,matched_riders,avg_earnings,total_earnings,avg_profit_per_hr,avg_idle_time,avg_idle_ratio,variance,fairness_cv,cvar,fairness_effect,delta_cvar_cross,delta_profit
4.6,3,lam4.6_kmean_3,2.1134117268904187,0.10071834806364402,14.01675470390424,36544,115.52459828804186,591716.9924313504,16.516376561205902,2.545347261373572,0.3632712964679309,1388.410149426679,0.32254062476480616,28.537166089066393,-0.03251004908264221,-1.9111036872380929,-0.6780458432508425
4.6,4,lam4.6_kmean_4,1.454584635276371,0.06618129893606958,13.886585059572306,36584,115.46161375846405,592433.540194679,16.52840296667099,2.5504527917751836,0.3632712964679309,1343.5948621942027,0.3174655058955814,29.670438089664266,0.0008174474349855743,-0.7778316866402193,-0.7410303728286465
