lambda,n_hubs,config,abandonment_pct,avg_queue_wait_min,avg_true_wait_min,matched_riders,avg_earnings,total_earnings,avg_profit_per_hr,avg_idle_time,avg_idle_ratio,variance,fairness_cv,cvar,fairness_effect,delta_cvar_cross,delta_profit
3.8000000000000003,3,lam3.8_kmean_3,1.8531928017807813,0.08880758491832341,14.019232290186093,36596,115.06010170580569,593710.1248019574,16.420123499116063,2.5759061188239594,0.3632712964679309,1397.2744835995725,0.3248748638771591,27.551192038422915,-0.03910213148402675,-2.8970777378815704,-1.142542425487008
3.8000000000000003,4,lam3.8_kmean_4,2.1694878937218767,0.10599836605421284,14.093020577636086,36526,116.96427938428641,590903.5394494149,16.724822495681224,2.475875738602174,0.3632712964679309,1355.3055554113598,0.31474972531871415,29.301965326589347,-0.007891368496266038,-1.1463044497151387,0.7616352529937132
