lambda,n_hubs,config,abandonment_pct,avg_queue_wait_min,avg_true_wait_min,matched_riders,avg_earnings,total_earnings,avg_profit_per_hr,avg_idle_time,avg_idle_ratio,variance,fairness_cv,cvar,fairness_effect,delta_cvar_cross,delta_profit
4.4,3,lam4.4_kmean_3,1.3307114187969722,0.06704889764455102,13.867317265215625,36629,114.34689240275827,594832.5342791486,16.33410387051399,2.6107432396994295,0.3632712964679309,1415.420247225718,0.32901699807637974,25.734000527127158,-0.052596474852238284,-4.7142692491773275,-1.855751728534429
4.4,4,lam4.4_kmean_4,1.6659065911956434,0.07992732815782269,13.98739196549861,36656,115.36493400858001,594129.410144187,16.50286627088178,2.552090776460198,0.3632712964679309,1406.8882887161385,0.32512920735451717,27.66524252875182,-0.04625156812339104,-2.783027247552667,-0.8377101227126929
