lambda,n_hubs,config,abandonment_pct,avg_queue_wait_min,avg_true_wait_min,matched_riders,avg_earnings,total_earnings,avg_profit_per_hr,avg_idle_time,avg_idle_ratio,variance,fairness_cv,cvar,fairness_effect,delta_cvar_cross,delta_profit
1.0,3,lam1.0_kmean_3,2.0207944548120502,0.08895728626859599,14.18840319299126,36752,117.77709836785694,596894.3345282989,16.854800664274002,2.43018916823979,0.3632712964679309,1325.1333976661049,0.30907860919152097,31.689383637489648,0.014546566063162514,1.2411138611851626,1.574454236564236
1.0,4,lam1.0_kmean_4,1.5591037166241781,0.0852976776738878,13.806015759087543,36684,113.16176864510439,597041.4913715707,16.179477065203525,2.664297166889863,0.3632712964679309,1447.9338865192915,0.33625955934333057,26.35915400818942,-0.07677568394021939,-4.0891157681150645,-3.0408754861883125
