lambda,n_hubs,config,abandonment_pct,avg_queue_wait_min,avg_true_wait_min,matched_riders,avg_earnings,total_earnings,avg_profit_per_hr,avg_idle_time,avg_idle_ratio,variance,fairness_cv,cvar,fairness_effect,delta_cvar_cross,delta_profit
4.300000000000001,3,lam4.3_kmean_3,1.3307114187969722,0.06704889764455102,13.867317265215625,36629,114.34689240275827,594832.5342791486,16.33410387051399,2.6107432396994295,0.3632712964679309,1415.420247225718,0.32901699807637974,25.734000527127158,-0.052596474852238284,-4.7142692491773275,-1.855751728534429
4.300000000000001,4,lam4.3_kmean_4,1.7171852049672853,0.08583263151571936,14.129777422067336,36802,115.87992959856425,595738.7180662188,16.593979672296804,2.502505843912008,0.3632712964679309,1389.802724348229,0.32171281193675727,28.874646692184935,-0.03354565632103257,-1.57362308411955,-0.32271453272845463
