lambda,n_hubs,config,abandonment_pct,avg_queue_wait_min,avg_true_wait_min,matched_riders,avg_earnings,total_earnings,avg_profit_per_hr,avg_idle_time,avg_idle_ratio,variance,fairness_cv,cvar,fairness_effect,delta_cvar_cross,delta_profit
3.4000000000000004,3,lam3.4_kmean_3,2.517755112938538,0.12603548389927305,14.34401406118681,36511,118.43907911903335,591840.0783578097,16.928780089807347,2.3955324824412694,0.3632712964679309,1312.1218378049564,0.3058384329292417,31.506117926306608,0.024222789127668176,1.0578481500021226,2.236434987740651
3.4000000000000004,4,lam3.4_kmean_4,1.599207093300474,0.07929192979847229,13.844297547797208,36734,114.19202340600184,594940.4419452696,16.29336409800659,2.629372599966424,0.3632712964679309,1408.298384959543,0.3286333032866933,25.956619781168353,-0.047300205330552236,-4.491649995136132,-2.010620725290863
