lambda,n_hubs,config,abandonment_pct,avg_queue_wait_min,avg_true_wait_min,matched_riders,avg_earnings,total_earnings,avg_profit_per_hr,avg_idle_time,avg_idle_ratio,variance,fairness_cv,cvar,fairness_effect,delta_cvar_cross,delta_profit
3.6,3,lam3.6_kmean_3,1.801608579088472,0.08759441443737315,14.01450791511415,36628,115.41596246016876,594045.9587824886,16.470924652953208,2.563318927302159,0.3632712964679309,1385.6815841730943,0.32252682776658737,28.542681589394192,-0.030480914503737466,-1.9055881869102933,-0.7866816711239437
3.6,4,lam3.6_kmean_4,1.599207093300474,0.07929192979847229,13.844297547797208,36734,114.19202340600184,594940.4419452696,16.29336409800659,2.629372599966424,0.3632712964679309,1408.298384959543,0.3286333032866933,25.956619781168353,-0.047300205330552236,-4.491649995136132,-2.010620725290863
