lambda,n_hubs,config,abandonment_pct,avg_queue_wait_min,avg_true_wait_min,matched_riders,avg_earnings,total_earnings,avg_profit_per_hr,avg_idle_time,avg_idle_ratio,variance,fairness_cv,cvar,fairness_effect,delta_cvar_cross,delta_profit
2.2,3,lam2.2_kmean_3,1.7546216680997422,0.08202312758111381,13.915145631322355,36563,114.71461130151957,591583.2504819364,16.39885849934171,2.5853773282906682,0.3632712964679309,1387.808913955178,0.32474771086585935,25.874040603154057,-0.03206293216517664,-4.574229173150428,-1.4880328297731324
2.2,4,lam2.2_kmean_4,1.5494126147341378,0.07229277983743237,13.83808549269367,36790,115.06567243685978,597651.1026370497,16.417816810490283,2.597302186033624,0.3632712964679309,1370.8552133350422,0.3217733071774809,28.87163458556521,-0.01945508262831086,-1.5766351907392746,-1.1369716944329156
