lambda,n_hubs,config,abandonment_pct,avg_queue_wait_min,avg_true_wait_min,matched_riders,avg_earnings,total_earnings,avg_profit_per_hr,avg_idle_time,avg_idle_ratio,variance,fairness_cv,cvar,fairness_effect,delta_cvar_cross,delta_profit
3.9000000000000004,3,lam3.9_kmean_3,1.8531928017807813,0.08880758491832341,14.019232290186093,36596,115.06010170580569,593710.1248019574,16.420123499116063,2.5759061188239594,0.3632712964679309,1397.2744835995725,0.3248748638771591,27.551192038422915,-0.03910213148402675,-2.8970777378815704,-1.142542425487008
3.9000000000000004,4,lam3.9_kmean_4,2.1391524011716965,0.10009809038750993,14.324419886874825,36415,116.54414568111133,590063.0095834667,16.631489904271028,2.4790949286498782,0.3632712964679309,1346.2617670354953,0.31482868362943167,29.74411252659611,-0.0011658325415535575,-0.704157249708377,0.3415015498186307
