lambda,n_hubs,config,abandonment_pct,avg_queue_wait_min,avg_true_wait_min,matched_riders,avg_earnings,total_earnings,avg_profit_per_hr,avg_idle_time,avg_idle_ratio,variance,fairness_cv,cvar,fairness_effect,delta_cvar_cross,delta_profit
4.7,3,lam4.7_kmean_3,2.1134117268904187,0.10071834806364402,14.01675470390424,36544,115.52459828804186,591716.9924313504,16.516376561205902,2.545347261373572,0.3632712964679309,1388.410149426679,0.32254062476480616,28.537166089066393,-0.03251004908264221,-1.9111036872380929,-0.6780458432508425
4.7,4,lam4.7_kmean_4,1.1896110886825462,0.05615660075098541,13.699156538191778,36713,113.95810348652174,595317.1326135895,16.303836310163504,2.6382984078286804,0.3632712964679309,1412.6502681140964,0.3298162998514953,26.82421509429029,-0.050536542295796405,-3.6240546820141937,-2.2445406447709644
