lambda,n_hubs,config,abandonment_pct,avg_queue_wait_min,avg_true_wait_min,matched_riders,avg_earnings,total_earnings,avg_profit_per_hr,avg_idle_time,avg_idle_ratio,variance,fairness_cv,cvar,fairness_effect,delta_cvar_cross,delta_profit
4.2,3,lam4.2_kmean_3,1.5859408486926703,0.08059028726832923,13.858448020911002,36736,114.57206994178405,595889.3357672188,16.381508117395988,2.5983317620200834,0.3632712964679309,1388.8367800938859,0.3252721236905984,27.33521499747935,-0.03282731876791489,-3.113054778825134,-1.6305741895086499
4.2,4,lam4.2_kmean_4,1.7171852049672853,0.08583263151571936,14.129777422067336,36802,115.87992959856425,595738.7180662188,16.593979672296804,2.502505843912008,0.3632712964679309,1389.802724348229,0.32171281193675727,28.874646692184935,-0.03354565632103257,-1.57362308411955,-0.32271453272845463
