lambda,n_hubs,config,abandonment_pct,avg_queue_wait_min,avg_true_wait_min,matched_riders,avg_earnings,total_earnings,avg_profit_per_hr,avg_idle_time,avg_idle_ratio,variance,fairness_cv,cvar,fairness_effect,delta_cvar_cross,delta_profit
2.3,3,lam2.3_kmean_3,1.3622806781847006,0.06830933415263137,13.869138075293941,36710,115.16952794914555,593814.0861057944,16.433639788331693,2.582786515850537,0.3632712964679309,1380.7024109839303,0.32263572522188955,27.266806929327256,-0.026778084791596823,-3.1814628469772295,-1.033116182147154
2.3,4,lam2.3_kmean_4,1.916506512919069,0.0937858945824531,14.147856004648679,36746,117.35182765127448,595795.2289855205,16.73677008874548,2.474423268013708,0.3632712964679309,1341.0896560923352,0.31206067866089116,31.302122077953186,0.002680477949613791,0.8538523016487005,1.1491835199817757
