lambda,n_hubs,config,abandonment_pct,avg_queue_wait_min,avg_true_wait_min,matched_riders,avg_earnings,total_earnings,avg_profit_per_hr,avg_idle_time,avg_idle_ratio,variance,fairness_cv,cvar,fairness_effect,delta_cvar_cross,delta_profit
3.0,3,lam3.0_kmean_3,1.7243687578654243,0.08163048667237684,13.853547575318142,36703,114.93709939948702,595489.1119887423,16.43576331073143,2.5842732505865937,0.3632712964679309,1397.6183500380098,0.3252625512538704,27.73897069988864,-0.03935785242742029,-2.7092990764158458,-1.2655447318056758
3.0,4,lam3.0_kmean_4,1.4744984288131497,0.07579028800316537,13.988172095301195,36684,114.73330747773525,594089.0661197131,16.420102203004976,2.5688841818775985,0.3632712964679309,1379.2374094869597,0.323690535179268,29.101789822456865,-0.025688616547528076,-1.34647995384762,-1.4693366535574484
