lambda,n_hubs,config,abandonment_pct,avg_queue_wait_min,avg_true_wait_min,matched_riders,avg_earnings,total_earnings,avg_profit_per_hr,avg_idle_time,avg_idle_ratio,variance,fairness_cv,cvar,fairness_effect,delta_cvar_cross,delta_profit
2.8,3,lam2.8_kmean_3,2.3478960064325918,0.11426438974130057,14.061879967273578,36434,116.19505422499512,589689.9001918503,16.592797540021746,2.521072895513985,0.3632712964679309,1399.6775584770717,0.3219781174255332,27.051241490906452,-0.04088921072767859,-3.397028285398033,-0.007589906297582161
2.8,4,lam2.8_kmean_4,1.6551761139576682,0.08071635797003476,14.010683262099745,36660,115.14997328017796,593367.812312757,16.472100005252848,2.549758546175611,0.3632712964679309,1365.3809986039648,0.32089510018567086,30.164755563332445,-0.015384108555550169,-0.28351421297204027,-1.0526708511147405
