lambda,n_hubs,config,abandonment_pct,avg_queue_wait_min,avg_true_wait_min,matched_riders,avg_earnings,total_earnings,avg_profit_per_hr,avg_idle_time,avg_idle_ratio,variance,fairness_cv,cvar,fairness_effect,delta_cvar_cross,delta_profit
2.0,3,lam2.0_kmean_3,1.4978468451600824,0.07021736864230231,13.890435395012954,36827,114.75376635045306,596834.3387887063,16.39066242311819,2.5934108748516738,0.3632712964679309,1442.4779059147766,0.3309692428726446,25.7397446059388,-0.07271826992312391,-4.708525170365686,-1.4488777808396378
2.0,4,lam2.0_kmean_4,1.3879957127545552,0.06353188174575812,13.705217613684825,36802,113.52408696371732,597704.3178639717,16.235853919051095,2.655195446046094,0.3632712964679309,1397.0141565590457,0.32923984292002145,25.430420842309804,-0.03890853574756292,-5.0178489339946815,-2.678557167575377
