lambda,n_hubs,config,abandonment_pct,avg_queue_wait_min,avg_true_wait_min,matched_riders,avg_earnings,total_earnings,avg_profit_per_hr,avg_idle_time,avg_idle_ratio,variance,fairness_cv,cvar,fairness_effect,delta_cvar_cross,delta_profit
4.1,3,lam4.1_kmean_3,1.8007427395869513,0.08649284060048082,14.058383336357334,36755,116.31487790807664,594136.3963544555,16.64004786277876,2.498907429721792,0.3632712964679309,1396.0248724734138,0.32122645789843646,27.137585082191794,-0.03817284121217357,-3.310684694112691,0.11223377678393831
4.1,4,lam4.1_kmean_4,1.7171852049672853,0.08583263151571936,14.129777422067336,36802,115.87992959856425,595738.7180662188,16.593979672296804,2.502505843912008,0.3632712964679309,1389.802724348229,0.32171281193675727,28.874646692184935,-0.03354565632103257,-1.57362308411955,-0.32271453272845463
