lambda,n_hubs,config,abandonment_pct,avg_queue_wait_min,avg_true_wait_min,matched_riders,avg_earnings,total_earnings,avg_profit_per_hr,avg_idle_time,avg_idle_ratio,variance,fairness_cv,cvar,fairness_effect,delta_cvar_cross,delta_profit
1.8,3,lam1.8_kmean_3,1.5012287637568116,0.0798692452737547,13.891787031974621,36874,115.23158444626654,597706.2285227845,16.48230984514393,2.5667535950942275,0.3632712964679309,1469.1307751047657,0.33262791586133705,25.469416877736727,-0.09253903778981831,-4.978852898567759,-0.9710596850261624
1.8,4,lam1.8_kmean_4,1.5531437125748502,0.06775632782240912,13.895924055556362,36827,115.67735659083873,596432.4505823645,16.538318767735365,2.5454351281254493,0.3632712964679309,1326.1012726125134,0.31480381744888397,29.180021389595503,0.013826792724689896,-1.2682483867089829,-0.5252875404539736
