lambda,n_hubs,config,abandonment_pct,avg_queue_wait_min,avg_true_wait_min,matched_riders,avg_earnings,total_earnings,avg_profit_per_hr,avg_idle_time,avg_idle_ratio,variance,fairness_cv,cvar,fairness_effect,delta_cvar_cross,delta_profit
2.4000000000000004,3,lam2.4_kmean_3,1.70011743354329,0.08288075803534643,14.015372990993646,36831,114.16112445906816,597633.4865432219,16.34015625054487,2.5878644400024293,0.3632712964679309,1428.988192013987,0.3311281343812949,23.976462619239065,-0.06268646111823539,-6.47180715706542,-2.0415196722245383
2.4000000000000004,4,lam2.4_kmean_4,1.7375033413525796,0.08810623760982451,13.968201260353394,36760,116.29589747346347,596481.6581413941,16.586820510046696,2.5379529111955637,0.3632712964679309,1345.7249135372574,0.3154378120833948,30.980419074589555,-0.0007665941522025932,0.53214929828507,0.09325334217076886
