lambda,n_hubs,config,abandonment_pct,avg_queue_wait_min,avg_true_wait_min,matched_riders,avg_earnings,total_earnings,avg_profit_per_hr,avg_idle_time,avg_idle_ratio,variance,fairness_cv,cvar,fairness_effect,delta_cvar_cross,delta_profit
2.6,3,lam2.6_kmean_3,1.8316580904897752,0.08395722588566766,13.906908391872852,36820,116.64636817447867,595946.2950034115,16.665510047837678,2.517196055199273,0.3632712964679309,1410.4551726581635,0.3219648215601941,28.41410158056482,-0.04890412977138325,-2.034168195739664,0.44372404318596637
2.6,4,lam2.6_kmean_4,1.4644855559422774,0.07039871383024432,13.805191615184143,36804,114.66332662439015,597281.2683864483,16.37226117455382,2.6094513613057733,0.3632712964679309,1386.677041853601,0.3247604430752714,28.27391885535809,-0.03122120011673446,-2.174350920946395,-1.5393175069025489
