lambda,n_hubs,config,abandonment_pct,avg_queue_wait_min,avg_true_wait_min,matched_riders,avg_earnings,total_earnings,avg_profit_per_hr,avg_idle_time,avg_idle_ratio,variance,fairness_cv,cvar,fairness_effect,delta_cvar_cross,delta_profit
2.9000000000000004,3,lam2.9_kmean_3,2.010522360015032,0.10247630882771397,14.217225420829202,36505,117.53168022274022,590949.2881599378,16.806552974818544,2.4334278402638185,0.3632712964679309,1336.9633921774403,0.3111034398506006,29.719779257067785,0.00574903010551342,-0.7284905192367006,1.32903609144752
2.9000000000000004,4,lam2.9_kmean_4,1.4744984288131497,0.07579028800316537,13.988172095301195,36684,114.73330747773525,594089.0661197131,16.420102203004976,2.5688841818775985,0.3632712964679309,1379.2374094869597,0.323690535179268,29.101789822456865,-0.025688616547528076,-1.34647995384762,-1.4693366535574484
