lambda,n_hubs,config,abandonment_pct,avg_queue_wait_min,avg_true_wait_min,matched_riders,avg_earnings,total_earnings,avg_profit_per_hr,avg_idle_time,avg_idle_ratio,variance,fairness_cv,cvar,fairness_effect,delta_cvar_cross,delta_profit
1.4,3,lam1.4_kmean_3,1.3436164781124875,0.0648621306825835,13.815511247598026,36713,115.58719189915942,594927.2767049735,16.540100691665454,2.5577732466512386,0.3632712964679309,1359.4071256536781,0.3189811783267444,29.461690130352427,-0.0109415568674478,-0.9865796459520588,-0.6154522321332792
1.4,4,lam1.4_kmean_4,1.8441579328276194,0.09610768956921109,14.103249336035923,36619,115.11825265840959,594700.893233344,16.455839654310832,2.552934663633139,0.3632712964679309,1461.013715045419,0.3320343058747829,26.420348594353275,-0.08650267592387872,-4.027921181951211,-1.0843914728831123
