lambda,n_hubs,config,abandonment_pct,avg_queue_wait_min,avg_true_wait_min,matched_riders,avg_earnings,total_earnings,avg_profit_per_hr,avg_idle_time,avg_idle_ratio,variance,fairness_cv,cvar,fairness_effect,delta_cvar_cross,delta_profit
2.7,3,lam2.7_kmean_3,1.8608500640751817,0.09204895568766494,14.002624677215533,36759,115.74536494349853,596088.6294590174,16.54009997878313,2.5406270334703986,0.3632712964679309,1405.792112246943,0.32393430485278085,27.391277086187557,-0.04543638161637831,-3.056992690116928,-0.4572791877941711
2.7,4,lam2.7_kmean_4,1.9035397283712971,0.09510121886302877,14.026066224111206,36692,116.29091846214403,592851.1023200103,16.62766505150444,2.5070822009305176,0.3632712964679309,1413.6787311471967,0.3233177601385821,26.728532006382242,-0.05130137278714986,-3.7197377699222436,0.08827433085133407
