lambda,n_hubs,config,abandonment_pct,avg_queue_wait_min,avg_true_wait_min,matched_riders,avg_earnings,total_earnings,avg_profit_per_hr,avg_idle_time,avg_idle_ratio,variance,fairness_cv,cvar,fairness_effect,delta_cvar_cross,delta_profit
1.7000000000000002,3,lam1.7_kmean_3,1.4086783203598459,0.06965767078596827,13.979254921297299,36604,115.22801549564475,593539.5078180662,16.4724989124599,2.5593731172662846,0.3632712964679309,1381.3860643257324,0.3225517874168865,26.891918468223658,-0.02728649287676621,-3.5563513080808278,-0.9746286356479459
1.7000000000000002,4,lam1.7_kmean_4,2.1019977001042975,0.0957689648256278,14.127504582093835,36607,115.73935944555234,593279.9565179013,16.56522362268152,2.510996927018575,0.3632712964679309,1361.7681997773818,0.3188383255526709,28.670496660467208,-0.01269740168056721,-1.7777731158372774,-0.4632846857403621
