lambda,n_hubs,config,abandonment_pct,avg_queue_wait_min,avg_true_wait_min,matched_riders,avg_earnings,total_earnings,avg_profit_per_hr,avg_idle_time,avg_idle_ratio,variance,fairness_cv,cvar,fairness_effect,delta_cvar_cross,delta_profit
3.1,3,lam3.1_kmean_3,1.7311253656834589,0.0823618089609108,13.840914472272175,36614,114.36363363910496,593890.3494878721,16.350063255637984,2.61111501679286,0.3632712964679309,1444.6927553055682,0.3323531519499213,25.04071580864131,-0.07436537272926591,-5.407553967663176,-1.8390104921877395
3.1,4,lam3.1_kmean_4,1.497246136570237,0.07591146341545416,14.02684940317055,36842,114.69297821727454,596174.1007733931,16.40160167836089,2.5699316715349445,0.3632712964679309,1421.4578540272857,0.32872305437553556,26.973874349887783,-0.057086423083748006,-3.4743954264167023,-1.5096659140181572
