lambda,n_hubs,config,abandonment_pct,avg_queue_wait_min,avg_true_wait_min,matched_riders,avg_earnings,total_earnings,avg_profit_per_hr,avg_idle_time,avg_idle_ratio,variance,fairness_cv,cvar,fairness_effect,delta_cvar_cross,delta_profit
4.5,3,lam4.5_kmean_3,1.3307114187969722,0.06704889764455102,13.867317265215625,36629,114.34689240275827,594832.5342791486,16.33410387051399,2.6107432396994295,0.3632712964679309,1415.420247225718,0.32901699807637974,25.734000527127158,-0.052596474852238284,-4.7142692491773275,-1.855751728534429
4.5,4,lam4.5_kmean_4,1.454584635276371,0.06618129893606958,13.886585059572306,36584,115.46161375846405,592433.540194679,16.52840296667099,2.5504527917751836,0.3632712964679309,1343.5948621942027,0.3174655058955814,29.670438089664266,0.0008174474349855743,-0.7778316866402193,-0.7410303728286465
