lambda,n_hubs,config,abandonment_pct,avg_queue_wait_min,avg_true_wait_min,matched_riders,avg_earnings,total_earnings,avg_profit_per_hr,avg_idle_time,avg_idle_ratio,variance,fairness_cv,cvar,fairness_effect,delta_cvar_cross,delta_profit
2.5,3,lam2.5_kmean_3,1.70011743354329,0.08288075803534643,14.015372990993646,36831,114.16112445906816,597633.4865432219,16.34015625054487,2.5878644400024293,0.3632712964679309,1428.988192013987,0.3311281343812949,23.976462619239065,-0.06268646111823539,-6.47180715706542,-2.0415196722245383
2.5,4,lam2.5_kmean_4,1.5190821320638657,0.0665770036685048,13.822648534989877,36823,114.28713677651024,595778.8440159479,16.336193629428102,2.614161424387555,0.3632712964679309,1378.8859090883207,0.32491279510623694,28.54025318125735,-0.025427218506033356,-1.9080165950471368,-1.9155073547824628
