lambda,n_hubs,config,abandonment_pct,avg_queue_wait_min,avg_true_wait_min,matched_riders,avg_earnings,total_earnings,avg_profit_per_hr,avg_idle_time,avg_idle_ratio,variance,fairness_cv,cvar,fairness_effect,delta_cvar_cross,delta_profit
1.9,3,lam1.9_kmean_3,1.7646745215119688,0.08728915723098554,13.896826275060455,36852,114.17501435337014,597363.6750968326,16.335724780627483,2.6055217470994427,0.3632712964679309,1452.9471827218683,0.3338518896289524,25.587173236779627,-0.08050388969435196,-4.861096539524858,-2.027629777922556
1.9,4,lam1.9_kmean_4,1.8329503553679258,0.08792602697843603,13.936744537938953,36740,115.6131708478618,595639.056208184,16.50675649609662,2.559274898559182,0.3632712964679309,1374.8412880217672,0.3207147769576733,27.108740626461014,-0.022419381162239738,-3.3395291498434716,-0.5894732834309053
