lambda,n_hubs,config,abandonment_pct,avg_queue_wait_min,avg_true_wait_min,matched_riders,avg_earnings,total_earnings,avg_profit_per_hr,avg_idle_time,avg_idle_ratio,variance,fairness_cv,cvar,fairness_effect,delta_cvar_cross,delta_profit
1.1,3,lam1.1_kmean_3,1.8218785949329839,0.08754690059329615,14.196414134693532,36698,117.14009712610564,594251.712720734,16.739968579989714,2.458795226089935,0.3632712964679309,1302.158555745369,0.308053646931563,33.184395752413025,0.03163211903829777,2.7361259761085392,0.9374529948129435
1.1,4,lam1.1_kmean_4,1.5675401882114581,0.08151322302373604,14.011781617748685,36923,114.94321858008502,599658.7713323035,16.467989465762617,2.55122503580383,0.3632712964679309,1370.9025298510894,0.3221216648885144,29.273469822337578,-0.01949027019757943,-1.1747999539669074,-1.2594255512076842
