lambda,n_hubs,config,abandonment_pct,avg_queue_wait_min,avg_true_wait_min,matched_riders,avg_earnings,total_earnings,avg_profit_per_hr,avg_idle_time,avg_idle_ratio,variance,fairness_cv,cvar,fairness_effect,delta_cvar_cross,delta_profit
4.9,3,lam4.9_kmean_3,2.053788425072777,0.08884535404555183,14.04368840736405,36674,116.33722258939915,594250.5329866508,16.62828259066585,2.507506150815722,0.3632712964679309,1348.5973355839976,0.315662111563941,28.636595301099337,-0.0029027097875502506,-1.8116744752051481,0.13457845810644642
4.9,4,lam4.9_kmean_4,1.7456758488148623,0.0828012965168675,14.059435737585467,36810,115.6202606795744,598334.8490167975,16.549434939438196,2.530766376231179,0.3632712964679309,1375.2300356592023,0.32074044711529215,28.059221234153323,-0.022708478618329808,-2.389048542151162,-0.5823834517183002
