lambda,n_hubs,config,abandonment_pct,avg_queue_wait_min,avg_true_wait_min,matched_riders,avg_earnings,total_earnings,avg_profit_per_hr,avg_idle_time,avg_idle_ratio,variance,fairness_cv,cvar,fairness_effect,delta_cvar_cross,delta_profit
3.7,3,lam3.7_kmean_3,1.8531928017807813,0.08880758491832341,14.019232290186093,36596,115.06010170580569,593710.1248019574,16.420123499116063,2.5759061188239594,0.3632712964679309,1397.2744835995725,0.3248748638771591,27.551192038422915,-0.03910213148402675,-2.8970777378815704,-1.142542425487008
3.7,4,lam3.7_kmean_4,1.8308233336017825,0.0907248678324226,13.875114556601915,36569,115.60717187959786,592717.9702266982,16.514097041229196,2.566638855026505,0.3632712964679309,1426.1530696746408,0.32666175683545373,25.653073930325675,-0.06057808391646802,-4.79519584597881,-0.5954722516948436
