lambda,n_hubs,config,abandonment_pct,avg_queue_wait_min,avg_true_wait_min,matched_riders,avg_earnings,total_earnings,avg_profit_per_hr,avg_idle_time,avg_idle_ratio,variance,fairness_cv,cvar,fairness_effect,delta_cvar_cross,delta_profit
3.3000000000000003,3,lam3.3_kmean_3,2.170650659234645,0.10395098218138259,14.437071260603688,36506,117.30176060694825,593195.0033893373,16.787534375605965,2.4179242248845063,0.3632712964679309,1370.9066923275188,0.3156453658979609,27.201865371649703,-0.0194933656796632,-3.2464044046547826,1.0991164756555492
3.3000000000000003,4,lam3.3_kmean_4,1.6245730116463595,0.07502564978034035,13.983992890996637,36575,114.72617591681441,593937.4127213482,16.425316122049516,2.5656865131329303,0.3632712964679309,1423.1545095797917,0.3288240006059115,27.428524417499194,-0.05834816400988396,-3.0197453588052916,-1.4764682144782881
