param_set,lambda,n_hubs,config,abandonment_pct,avg_queue_wait_min,avg_true_wait_min,matched_riders,avg_earnings,total_earnings,avg_profit_per_hr,avg_idle_ratio,variance,cvar,fairness_effect,delta_cvar_cross,delta_profit
mle,2.9000000000000004,4,mle_lam2.9000000000000004_k4,1.2518805071996562,0.10969889589145303,13.932148359291656,36758,115.0684387893746,594443.5547859091,16.467820373200887,0.3663242076908109,1405.7225311574825,27.454197190612444,-0.045384636694948854,-2.9940725856920416,-1.1342053419181042
