param_set,lambda,n_hubs,config,abandonment_pct,avg_queue_wait_min,avg_true_wait_min,matched_riders,avg_earnings,total_earnings,avg_profit_per_hr,avg_idle_ratio,variance,cvar,fairness_effect,delta_cvar_cross,delta_profit
mle,4.800000000000001,4,mle_lam4.800000000000001_k4,1.2920105734476992,0.10749712231509267,13.734380567634629,36595,113.56778995432954,592142.4568218742,16.2623059825739,0.3780087439564785,1425.6630639385899,26.808697416205014,-0.060213684501216225,-3.6395723600994714,-2.6348541769631595
