param_set,lambda,n_hubs,config,abandonment_pct,avg_queue_wait_min,avg_true_wait_min,matched_riders,avg_earnings,total_earnings,avg_profit_per_hr,avg_idle_ratio,variance,cvar,fairness_effect,delta_cvar_cross,delta_profit
given,4.300000000000001,4,given_lam4.300000000000001_k4,27.213902754668144,2.255991388769464,26.57432243967324,23622,150.25133818323337,467131.41041167255,21.504848446868408,0.04013388615312036,605.194189917464,99.8022297082622,0.05083657740326253,-5.086029295033782,-7.407371386638658
