param_set,lambda,n_hubs,config,abandonment_pct,avg_queue_wait_min,avg_true_wait_min,matched_riders,avg_earnings,total_earnings,avg_profit_per_hr,avg_idle_ratio,variance,cvar,fairness_effect,delta_cvar_cross,delta_profit
mle,2.4000000000000004,4,mle_lam2.4000000000000004_k4,1.5075511682180316,0.1215876465815807,14.07777066992655,36717,116.11053115717777,594485.9195247502,16.602679871137546,0.3589663309486854,1361.8178270587325,30.464761571046683,-0.012734307681812052,0.01649179474219764,-0.0921129741149258
