param_set,lambda,n_hubs,config,abandonment_pct,avg_queue_wait_min,avg_true_wait_min,matched_riders,avg_earnings,total_earnings,avg_profit_per_hr,avg_idle_ratio,variance,cvar,fairness_effect,delta_cvar_cross,delta_profit
mle,3.3000000000000003,4,mle_lam3.3000000000000003_k4,1.572640366231318,0.11704325854814693,14.06365806785524,36551,115.05983973039478,591637.69589369,16.428846622252024,0.366247210134604,1460.0854198306888,25.5375782253954,-0.08581233658998655,-4.910691550909085,-1.1428044008979157
