param_set,lambda,n_hubs,config,abandonment_pct,avg_queue_wait_min,avg_true_wait_min,matched_riders,avg_earnings,total_earnings,avg_profit_per_hr,avg_idle_ratio,variance,cvar,fairness_effect,delta_cvar_cross,delta_profit
mle,3.8000000000000003,4,mle_lam3.8000000000000003_k4,1.7001545595054095,0.12453786335021673,14.056341688205032,36888,116.14748635968306,596533.4899433322,16.59680444033952,0.3593625742884878,1368.5034127211718,29.086375927244067,-0.017706134186625366,-1.3618938490604187,-0.05515777160964319
