param_set,lambda,n_hubs,config,abandonment_pct,avg_queue_wait_min,avg_true_wait_min,matched_riders,avg_earnings,total_earnings,avg_profit_per_hr,avg_idle_ratio,variance,cvar,fairness_effect,delta_cvar_cross,delta_profit
given,3.3000000000000003,4,given_lam3.3000000000000003_k4,24.143983249168617,2.0526730540844254,26.02755125555293,24635,151.63412188416535,489171.6771983174,21.672283551337674,0.0393620341101725,623.1321456820817,98.60604451165595,0.022703373595976295,-6.282214491640033,-6.024587685706678
