param_set,lambda,n_hubs,config,abandonment_pct,avg_queue_wait_min,avg_true_wait_min,matched_riders,avg_earnings,total_earnings,avg_profit_per_hr,avg_idle_ratio,variance,cvar,fairness_effect,delta_cvar_cross,delta_profit
given,1.7000000000000002,4,given_lam1.7000000000000002_k4,22.60485514855766,1.9097282646245721,24.46981539014313,25059,153.3286233002352,501844.5840616698,21.903855515453962,0.0572229162711502,673.4808408557229,97.49315325627175,-0.05626159439357181,-7.395105747024232,-4.330086269636837
