param_set,lambda,n_hubs,config,abandonment_pct,avg_queue_wait_min,avg_true_wait_min,matched_riders,avg_earnings,total_earnings,avg_profit_per_hr,avg_idle_ratio,variance,cvar,fairness_effect,delta_cvar_cross,delta_profit
mle,3.4000000000000004,4,mle_lam3.4000000000000004_k4,1.6564318034906271,0.12819713680214492,13.913570708474845,36513,115.98458719075806,591057.456324103,16.56451570880607,0.3636379157368163,1423.1597205460557,27.28332415785998,-0.05835203921566179,-3.1649456184445057,-0.21805694053463753
