param_set,lambda,n_hubs,config,abandonment_pct,avg_queue_wait_min,avg_true_wait_min,matched_riders,avg_earnings,total_earnings,avg_profit_per_hr,avg_idle_ratio,variance,cvar,fairness_effect,delta_cvar_cross,delta_profit
given,2.0,4,given_lam2.0_k4,26.399481273350418,2.339821459300862,25.680374939505167,23837,154.70293875252105,474473.913153982,22.049562006460064,0.037246527416426936,610.2572604786726,100.64784127066363,0.04289585116565442,-4.240417732632352,-2.955770817350981
