param_set,lambda,n_hubs,config,abandonment_pct,avg_queue_wait_min,avg_true_wait_min,matched_riders,avg_earnings,total_earnings,avg_profit_per_hr,avg_idle_ratio,variance,cvar,fairness_effect,delta_cvar_cross,delta_profit
mle,3.9000000000000004,4,mle_lam3.9000000000000004_k4,1.8042544105479488,0.132279321939398,13.847084907217472,36791,113.66608743015583,594359.9711722848,16.258866468118143,0.3763910606103581,1424.4898784391942,27.046831324048867,-0.05934122918384177,-3.4014384522556185,-2.536556701136874
