param_set,lambda,n_hubs,config,abandonment_pct,avg_queue_wait_min,avg_true_wait_min,matched_riders,avg_earnings,total_earnings,avg_profit_per_hr,avg_idle_ratio,variance,cvar,fairness_effect,delta_cvar_cross,delta_profit
given,4.800000000000001,4,given_lam4.800000000000001_k4,23.954953830796107,1.9891741046693665,25.731937406472202,24377,148.98650899843574,484355.1407539146,21.32193448218658,0.05621902986466951,620.7946499298583,96.07392337320174,0.02636941253925873,-8.814335630094249,-8.672200571436292
