lambda,n_hubs,config,abandonment_pct,avg_queue_wait_min,avg_true_wait_min,matched_riders,avg_earnings,total_earnings,avg_profit_per_hr,avg_idle_time,variance,fairness_cv,cvar,fairness_effect,delta_cvar_cross,delta_profit
3.1,3,lam3_kmean_3,3.5755571685888645,0.19855585519126093,24.627772814712785,35867,111.80102068435006,578346.6800001429,15.98235981904773,1.3416622304287409,427.001440958375,0.18482848420959544,68.1043494576333,0.14147044715773538,1.1566133722715648,0.03575040539074337
3.1,4,lam3_kmean_4,3.6560413525737667,0.21166417253309114,24.488773950278095,35786,110.80065996441391,576385.0331348812,15.802241109044763,1.4280101447301858,470.55391664130957,0.19577730645780805,66.33097874825435,0.053903793074972284,-0.6167573371073871,-0.9646103145454106
