lambda,n_hubs,config,abandonment_pct,avg_queue_wait_min,avg_true_wait_min,matched_riders,avg_earnings,total_earnings,avg_profit_per_hr,avg_idle_time,variance,fairness_cv,cvar,fairness_effect,delta_cvar_cross,delta_profit
2.5,3,lam2_kmean_3,3.5316533827120735,0.21868554985402222,24.476412714206646,35947,111.45086243074249,579098.681190138,15.921529854413235,1.3823051114141196,472.8834510894192,0.1951163326085361,64.99111605855221,0.04922002862776709,-1.9566200268095315,-0.3144078482168311
2.5,4,lam2_kmean_4,4.233228974338391,0.25070566089787205,24.806226120764702,35789,111.56043687664037,579891.1508847766,15.977859147348836,1.338173769676182,435.8390826337067,0.18713407704939872,68.28972743193633,0.123701475374705,1.3419913465745879,-0.20483340231895397
