lambda,n_hubs,config,abandonment_pct,avg_queue_wait_min,avg_true_wait_min,matched_riders,avg_earnings,total_earnings,avg_profit_per_hr,avg_idle_time,variance,fairness_cv,cvar,fairness_effect,delta_cvar_cross,delta_profit
1.5,3,lam2_kmean_3,1.9679535433917625,0.09998581312631737,14.937063372290428,36464,116.79484415370244,610253.0607030953,16.673013949176354,2.4280647986646096,1348.8481451585646,0.3144545318238955,29.950321162779364,-0.052339507608251346,-1.9884208623438049,-0.7972201422543606
1.5,4,lam2_kmean_4,2.791857752031539,0.14542435938560996,15.499154951968672,36246,119.91074027778508,606508.5243250369,17.099605864836906,2.247477727277462,1222.3955720851407,0.2915733320405248,35.62491450511433,0.0463158072702371,3.686172479991164,2.318675981828278
