lambda,n_hubs,config,abandonment_pct,avg_queue_wait_min,avg_true_wait_min,matched_riders,avg_earnings,total_earnings,avg_profit_per_hr,avg_idle_time,variance,fairness_cv,cvar,fairness_effect,delta_cvar_cross,delta_profit
3.6,3,lam4_kmean_3,1.4922960887835364,0.07923738116779308,14.578696317995371,36570,115.03255457844357,615194.1018855162,16.426990109670772,2.545217480413308,1368.4844165517102,0.3215875030816235,29.21515414757717,-0.06765926338898498,-2.7235878775459987,-2.5595097175132366
3.6,4,lam4_kmean_4,1.6297297297297297,0.0877097729778446,14.943564651266689,36397,117.84055423749815,610885.4331671904,16.824247358938827,2.385183935455365,1231.0392748544257,0.29774273813112473,32.88802714439131,0.03957219424842273,0.94928511926814,0.24848994154135085
