lambda,n_hubs,config,abandonment_pct,avg_queue_wait_min,avg_true_wait_min,matched_riders,avg_earnings,total_earnings,avg_profit_per_hr,avg_idle_time,variance,fairness_cv,cvar,fairness_effect,delta_cvar_cross,delta_profit
4.300000000000001,3,lam4_kmean_3,3.799844466493256,0.23922910323555843,24.578834540279114,35874,112.47745329384783,579708.7942764917,16.068695075612485,1.3298807196365903,430.2526334633508,0.18441502172345212,69.01478148049272,0.1349335960378979,2.0670453951309753,0.7121830148885095
4.300000000000001,4,lam4_kmean_4,3.4557177156114274,0.2106769024056127,24.64451412859978,35788,109.12877918865959,577946.0145831412,15.600407327019091,1.477075279511058,467.8401275207752,0.1982026413563109,65.2281079977219,0.0593601403765911,-1.7196280876398333,-2.636491090299728
