lambda,n_hubs,config,abandonment_pct,avg_queue_wait_min,avg_true_wait_min,matched_riders,avg_earnings,total_earnings,avg_profit_per_hr,avg_idle_time,variance,fairness_cv,cvar,fairness_effect,delta_cvar_cross,delta_profit
3.0,3,lam3_kmean_3,2.7400947459086993,0.1415271000913556,15.441440528095907,36134,118.50261850506675,606140.8936534164,16.930039497545586,2.300137440034861,1285.1266892017559,0.30251368411935503,33.643608271031084,-0.002625530666995335,1.7048662459079154,0.9105542091099466
3.0,4,lam3_kmean_4,2.231210156961483,0.11819143242227859,15.178360019939621,36501,118.30266469650108,612571.1977984826,16.90088850201059,2.339817567724188,1346.340933681883,0.3101580075483979,29.74728103603495,-0.05038344035167319,-2.1914609890882204,0.7106004005442799
