lambda,n_hubs,config,abandonment_pct,avg_queue_wait_min,avg_true_wait_min,matched_riders,avg_earnings,total_earnings,avg_profit_per_hr,avg_idle_time,variance,fairness_cv,cvar,fairness_effect,delta_cvar_cross,delta_profit
2.7,3,lam3_kmean_3,4.027950142988184,0.21502528756310688,24.610174967546833,35573,110.06153072468935,574301.067321429,15.737070486102398,1.434140538641342,479.75735260811047,0.19901017014951267,66.42703178564983,0.03539935489917645,-0.5207042997119089,-1.7037395542699727
2.7,4,lam3_kmean_4,4.2306655887900835,0.23000150019001273,24.645716934063138,35540,109.55578885752564,573634.1104580043,15.67228264358834,1.4549316124677154,494.9376389811804,0.2030672608856792,64.09614818176155,0.004877854918665325,-2.8515879036001905,-2.2094814214336793
