lambda,n_hubs,config,abandonment_pct,avg_queue_wait_min,avg_true_wait_min,matched_riders,avg_earnings,total_earnings,avg_profit_per_hr,avg_idle_time,variance,fairness_cv,cvar,fairness_effect,delta_cvar_cross,delta_profit
1.5,3,lam2_kmean_3,4.785651089841551,0.30496195140387294,24.927842152177927,35514,113.51162523666589,574936.3818237127,16.243285414766397,1.2378230961571342,468.4286211399865,0.19066956225904208,68.04319020609145,0.058176914477825914,1.0954541207297126,1.746354957706572
1.5,4,lam2_kmean_4,4.714083491359739,0.29365405903051167,24.915066801841036,35676,112.31776420366438,575853.1770721873,16.048125523777507,1.3021458487163704,462.25468595418243,0.1914221595117991,68.60385786807475,0.0705902351505826,1.656121782713015,0.5524939247050611
