lambda,n_hubs,config,abandonment_pct,avg_queue_wait_min,avg_true_wait_min,matched_riders,avg_earnings,total_earnings,avg_profit_per_hr,avg_idle_time,variance,fairness_cv,cvar,fairness_effect,delta_cvar_cross,delta_profit
3.2,3,lam3_kmean_3,4.047018410176587,0.2571895806280732,24.706817621638095,35754,112.84071461808252,578760.0252761452,16.12071294387683,1.3052669839185504,459.07463374067015,0.18987851228780253,67.80038192246852,0.07698405152449006,0.8526458371067775,1.0754443391231945
3.2,4,lam3_kmean_4,3.625369524321419,0.21782523222578118,24.697623052346415,35861,111.27080402100138,580054.7013614802,15.89797526051518,1.373927601262735,462.0164381616405,0.19317347288146514,66.03543256338098,0.07106925641650053,-0.9123035219807605,-0.49446625795793864
