lambda,n_hubs,config,abandonment_pct,avg_queue_wait_min,avg_true_wait_min,matched_riders,avg_earnings,total_earnings,avg_profit_per_hr,avg_idle_time,variance,fairness_cv,cvar,fairness_effect,delta_cvar_cross,delta_profit
3.7,3,lam4_kmean_3,3.7841056734517107,0.2125571787872019,24.516994516058,35546,111.92697962136299,572170.7198244076,15.989615005074914,1.3579470082783829,441.8914902173471,0.18781186906252748,69.15047486710195,0.11153249822854017,2.2027387817402087,0.1617093424036682
3.7,4,lam4_kmean_4,5.6665329589517315,0.32579726883241084,24.705371304789317,35276,115.62687886702815,570965.527845385,16.53264037742842,1.1720590301977092,499.6638462426038,0.19332150191811304,68.29867568880256,-0.0046246624444674644,1.3509396034408212,3.861608588068833
