lambda,n_hubs,config,abandonment_pct,avg_queue_wait_min,avg_true_wait_min,matched_riders,avg_earnings,total_earnings,avg_profit_per_hr,avg_idle_time,variance,fairness_cv,cvar,fairness_effect,delta_cvar_cross,delta_profit
3.9000000000000004,3,lam4_kmean_3,4.0152246167041925,0.23016400738334075,24.577038755629076,35810,112.33002410864488,579622.9244006076,16.03309096601512,1.3534729536271275,482.54129187364754,0.19555610977532922,65.52625507238216,0.02980196364115828,-1.4214810129795836,0.5647538296855572
3.9000000000000004,4,lam4_kmean_4,3.4689828963594445,0.1872646569936367,24.569439611467693,36008,110.0359442978809,580659.6780599175,15.744416494834178,1.4296950723129476,435.5268838618994,0.18965876104497362,67.75999376347929,0.1243291825584466,0.8122576781175468,-1.7293259810784178
