lambda,n_hubs,config,abandonment_pct,avg_queue_wait_min,avg_true_wait_min,matched_riders,avg_earnings,total_earnings,avg_profit_per_hr,avg_idle_time,variance,fairness_cv,cvar,fairness_effect,delta_cvar_cross,delta_profit
4.5,3,lam4_kmean_3,2.448603699991874,0.1232905973320213,15.24442023901522,36015,117.36254079904025,603595.547329464,16.731877347212507,2.3772506675091583,1308.5222670721873,0.3082201700128245,31.21183589066393,-0.020878208690647826,-0.726906134459238,-0.22952349691655627
4.5,4,lam4_kmean_4,3.025151122625216,0.1599098298642488,15.416003672333286,35935,118.24945505920363,600943.7306108729,16.92536359230674,2.299501912869871,1273.3923676648067,0.3017741068564057,33.34012025069171,0.006529310219010043,1.4013782255685427,0.6573907632468234
