lambda,n_hubs,config,abandonment_pct,avg_queue_wait_min,avg_true_wait_min,matched_riders,avg_earnings,total_earnings,avg_profit_per_hr,avg_idle_time,variance,fairness_cv,cvar,fairness_effect,delta_cvar_cross,delta_profit
2.6,3,lam3_kmean_3,2.878628608393305,0.15325820814597454,15.344945432445128,36033,118.00797689499315,605026.8975406298,16.85341092667161,2.3416936419120984,1312.1605582157426,0.30696023924787996,30.871230189833707,-0.02371671762457561,-1.0675118352894621,0.41591259903634636
2.6,4,lam3_kmean_4,2.249593936112615,0.12165600312799532,15.393279766638203,36109,118.12842464274877,605762.5615680157,16.86832835426999,2.3231365885812214,1354.4722987719467,0.3115520774045519,30.38300802892277,-0.056727339600654014,-1.5557339962003986,0.536360346791966
