lambda,n_hubs,config,abandonment_pct,avg_queue_wait_min,avg_true_wait_min,matched_riders,avg_earnings,total_earnings,avg_profit_per_hr,avg_idle_time,variance,fairness_cv,cvar,fairness_effect,delta_cvar_cross,delta_profit
1.7000000000000002,3,lam2_kmean_3,2.7472527472527473,0.14523382908511376,15.298068063050682,36108,117.13093106459287,605098.3898796868,16.717171332945114,2.3812200197024636,1331.718225956806,0.3115548930186344,31.08036442598342,-0.03897514868997698,-0.8583775991397502,-0.4611332313639309
1.7000000000000002,4,lam2_kmean_4,2.1465898432265846,0.10887105123204058,15.3272860163882,36514,118.87807053173778,613529.7220142987,17.003913984132833,2.2897706260654935,1280.5290458662028,0.30101834894242835,32.98317966013525,0.0009614422189151428,1.0444376350120805,1.2860062357809738
