lambda,n_hubs,config,abandonment_pct,avg_queue_wait_min,avg_true_wait_min,matched_riders,avg_earnings,total_earnings,avg_profit_per_hr,avg_idle_time,variance,fairness_cv,cvar,fairness_effect,delta_cvar_cross,delta_profit
4.6,3,lam5_kmean_3,3.5815116560458176,0.22443003141361864,24.694620464487265,35859,111.22797314072476,578941.6001974724,15.922568966225985,1.3608880398332255,458.1666462969849,0.19244104729745048,65.77967905275011,0.0788096520476731,-1.1680570326116282,-0.5372971382345639
4.6,4,lam5_kmean_4,3.874294662382894,0.2357803593850199,24.634901694144308,35604,111.03761583714015,574730.6995730374,15.856463961682234,1.3963015743206966,466.3201909993107,0.19447867274007274,66.6826054613221,0.062416126368565195,-0.26513062403964227,-0.727654441819169
