lambda,n_hubs,config,abandonment_pct,avg_queue_wait_min,avg_true_wait_min,matched_riders,avg_earnings,total_earnings,avg_profit_per_hr,avg_idle_time,variance,fairness_cv,cvar,fairness_effect,delta_cvar_cross,delta_profit
3.7,3,lam4_kmean_3,4.613362658584341,0.28192304405636487,24.744455662140847,35563,112.64515744707812,574265.0126652042,16.107222242691385,1.3003987885104642,456.5809669548498,0.18969084684587809,66.62138935405372,0.08199782062504124,-0.3263467313080213,0.879887168118799
3.7,4,lam4_kmean_4,3.3651499539020553,0.20226554533765795,24.639190711694347,35637,110.74523903294147,575543.0072541968,15.828459641656515,1.3959318894512833,418.6179009560579,0.18474973877335707,67.77885146415952,0.15832640163243272,0.8311153787977759,-1.020031246017851
