lambda,n_hubs,config,abandonment_pct,avg_queue_wait_min,avg_true_wait_min,matched_riders,avg_earnings,total_earnings,avg_profit_per_hr,avg_idle_time,variance,fairness_cv,cvar,fairness_effect,delta_cvar_cross,delta_profit
1.9,3,lam2_kmean_3,2.1038170406486545,0.1099014136802932,15.178928296648351,36342,117.86772273082548,610554.803745676,16.85776879993905,2.348803361236462,1290.821411014195,0.3048163002295562,33.00785922640802,-0.007068418303812107,1.069117201284854,0.27565843486867436
1.9,4,lam2_kmean_4,2.5812158250241235,0.13659937137911846,15.401332312500916,36345,117.77287127838203,609827.9274794621,16.820979243620485,2.3356448140790076,1299.0291583181158,0.306030129834796,31.196811776113112,-0.01347190915441887,-0.741930249010057,0.1808069824252243
