lambda,n_hubs,config,abandonment_pct,avg_queue_wait_min,avg_true_wait_min,matched_riders,avg_earnings,total_earnings,avg_profit_per_hr,avg_idle_time,variance,fairness_cv,cvar,fairness_effect,delta_cvar_cross,delta_profit
1.2,3,lam1_kmean_3,4.014094050684375,0.20268814965129256,24.63426859412564,35414,109.85785510654122,572359.4251050798,15.70563135045088,1.4455379557519739,454.5970166196253,0.1940806218947107,66.63962681933367,0.08598675328610828,-0.3081092660280689,-1.9074151724180979
1.2,4,lam1_kmean_4,4.418923643796563,0.24001570660356553,24.668985974556676,35538,111.25245482573901,575397.6963587222,15.919007920217362,1.3765734818236879,483.328212807445,0.19761116140849147,65.47659001553403,0.028219779571945214,-1.4711460698277108,-0.5128154532203126
