lambda,n_hubs,config,abandonment_pct,avg_queue_wait_min,avg_true_wait_min,matched_riders,avg_earnings,total_earnings,avg_profit_per_hr,avg_idle_time,variance,fairness_cv,cvar,fairness_effect,delta_cvar_cross,delta_profit
2.9000000000000004,3,lam3_kmean_3,4.032301480484522,0.21929157223422574,24.559810172916293,35652,112.49396844043606,576756.5761941157,16.076446016831717,1.33214411466905,461.5825555053771,0.19098332760195894,68.2781195649668,0.07194162134817805,1.3303834796050609,0.7286981614767427
2.9000000000000004,4,lam3_kmean_4,3.6483045168208017,0.19356751153254018,24.609270476760756,35944,111.5830368538009,582351.8693399869,15.937464349919985,1.3734198182943298,436.62738638560035,0.18726529932972646,69.15088337368309,0.12211651100995213,2.2031472883213468,-0.18223342515841523
