lambda,n_hubs,config,abandonment_pct,avg_queue_wait_min,avg_true_wait_min,matched_riders,avg_earnings,total_earnings,avg_profit_per_hr,avg_idle_time,variance,fairness_cv,cvar,fairness_effect,delta_cvar_cross,delta_profit
2.9000000000000004,3,lam3_kmean_3,3.1483015741507874,0.16538269896489172,15.322769501384563,36239,118.14748984031083,608105.1302080798,16.870222364251926,2.3358013580057095,1290.8484068882892,0.30409769094494604,32.019995162569785,-0.007089479848029434,0.08125313744661611,0.5554255443540228
2.9000000000000004,4,lam3_kmean_4,1.9756594467081279,0.10321978381557782,15.136130080169105,36567,119.46615682224542,613697.6475958747,17.092615199235468,2.2848363111884833,1286.0350242296854,0.3001798286640136,32.8902200538741,-0.0033341922309122474,0.9514780287509339,1.8740925262886208
