lambda,n_hubs,config,abandonment_pct,avg_queue_wait_min,avg_true_wait_min,matched_riders,avg_earnings,total_earnings,avg_profit_per_hr,avg_idle_time,variance,fairness_cv,cvar,fairness_effect,delta_cvar_cross,delta_profit
1.3,3,lam1_kmean_3,3.445122771158863,0.21329228950133278,24.787363908859867,35902,110.02740888260857,582705.157442295,15.713578128773745,1.4356195001200531,488.8357451003554,0.20094656748207418,63.256487097787215,0.01714632926675619,-3.691248987574525,-1.7378613963507519
1.3,4,lam1_kmean_4,4.609046892972741,0.2792172465064928,24.859597476502298,35660,111.93598514674943,576806.1314611998,15.98533564846981,1.3364001026172119,501.29448794637267,0.20002152717389624,64.52765505794612,-0.007903232394115722,-2.4200810274156197,0.17071486779011025
