lambda,n_hubs,config,abandonment_pct,avg_queue_wait_min,avg_true_wait_min,matched_riders,avg_earnings,total_earnings,avg_profit_per_hr,avg_idle_time,variance,fairness_cv,cvar,fairness_effect,delta_cvar_cross,delta_profit
3.9000000000000004,3,lam4_kmean_3,4.980584618703484,0.3190665739006071,24.78031782706922,35237,112.66726547390877,569082.3579087132,16.104107751353602,1.3030279511550424,491.9595201196744,0.19686428363891456,64.94644098896721,0.010865663879546905,-2.0012950963945286,0.9019951949494498
3.9000000000000004,4,lam4_kmean_4,3.9658986672422167,0.2501684307899309,24.68771572716545,35596,111.55247743314669,574606.8112581386,15.940371317865134,1.3611048560458963,484.37748107436414,0.19729348867588506,63.7177959983378,0.02611011967480803,-3.229940087023941,-0.21279284581262914
