lambda,n_hubs,config,abandonment_pct,avg_queue_wait_min,avg_true_wait_min,matched_riders,avg_earnings,total_earnings,avg_profit_per_hr,avg_idle_time,variance,fairness_cv,cvar,fairness_effect,delta_cvar_cross,delta_profit
4.1,3,lam4_kmean_3,3.7373873267859543,0.2029694151721414,24.695777322631827,35776,110.48094685891836,578146.7949127197,15.784048881834867,1.4111141354381795,451.9162065776037,0.19241617204592157,67.23714365055602,0.09137679281727762,0.28940756519428135,-1.2843234200409626
4.1,4,lam4_kmean_4,3.496710881052518,0.2067803117269025,24.575279888011586,35795,110.65858056536912,577748.4491317922,15.826949607536932,1.4057773988942261,445.43363088454436,0.190724465621474,67.62171429744828,0.10441066642327068,0.6739782120865385,-1.1066897135901996
