lambda,n_hubs,config,abandonment_pct,avg_queue_wait_min,avg_true_wait_min,matched_riders,avg_earnings,total_earnings,avg_profit_per_hr,avg_idle_time,variance,fairness_cv,cvar,fairness_effect,delta_cvar_cross,delta_profit
3.3000000000000003,3,lam3_kmean_3,4.650289637416863,0.26543472811790364,24.65581442392343,35554,113.52937037292784,576048.0252722359,16.22743593390472,1.2766229750196676,485.7769230918365,0.1941378477209025,66.90324398331138,0.023296400061139644,-0.0444921020503557,1.7641000939685227
3.3000000000000003,4,lam3_kmean_4,4.150882566293221,0.2184437855829148,24.63101539978431,35676,110.36239703254532,575981.350112854,15.777237445835333,1.4167333203943901,443.6978722674754,0.19086335272016547,67.68731428152823,0.10790058455096985,0.7395781961664909,-1.4028732464140035
