lambda,n_hubs,config,abandonment_pct,avg_queue_wait_min,avg_true_wait_min,matched_riders,avg_earnings,total_earnings,avg_profit_per_hr,avg_idle_time,variance,fairness_cv,cvar,fairness_effect,delta_cvar_cross,delta_profit
4.7,3,lam5_kmean_3,1.8168585060786584,0.09208411463098748,15.091398637756615,36423,117.03899425405118,610358.3550348768,16.73699001033631,2.386089669171953,1316.9754010134673,0.3100689298912536,30.628165514145827,-0.02747314440779447,-1.3105765109773415,-0.5530700419056274
4.7,4,lam5_kmean_4,2.384091704114307,0.12363159763881043,15.298539920789851,36277,119.10677110254505,608635.6003340052,17.035564636999897,2.2812485186853264,1266.948411709135,0.2988429496213804,33.57631395628155,0.011556732662211466,1.6375719311583836,1.5147068065882507
