lambda,n_hubs,config,abandonment_pct,avg_queue_wait_min,avg_true_wait_min,matched_riders,avg_earnings,total_earnings,avg_profit_per_hr,avg_idle_time,variance,fairness_cv,cvar,fairness_effect,delta_cvar_cross,delta_profit
1.6,3,lam2_kmean_3,2.758081475290502,0.14230981568683182,15.351097423482878,36068,116.7737714077278,603486.8506351373,16.687385912060314,2.3746730037827493,1333.0539052928293,0.31266448193247903,31.082409761334386,-0.04001721420331017,-0.8563322637887829,-0.8182928882289957
1.6,4,lam2_kmean_4,2.2336307923879155,0.1175195308921832,15.0370323870183,36373,117.61484582204426,609480.1310498334,16.776162991607166,2.3923185772939513,1247.4483197690724,0.30029571666453647,32.59923694369801,0.026770244445710856,0.660494918574841,0.022781526087456427
