lambda,n_hubs,config,abandonment_pct,avg_queue_wait_min,avg_true_wait_min,matched_riders,avg_earnings,total_earnings,avg_profit_per_hr,avg_idle_time,variance,fairness_cv,cvar,fairness_effect,delta_cvar_cross,delta_profit
3.0,3,lam3_kmean_3,4.050368944497914,0.2514054782975073,24.619262769166436,35889,112.61868044175831,579760.9669141718,16.08688049308245,1.3218828168856165,456.3615047042885,0.18968983873495038,68.41467149607574,0.08243907166020703,1.466935410714001,0.8534101627989941
3.0,4,lam3_kmean_4,4.1337321085238194,0.26949823238581994,24.816486723718125,35900,113.91341963277412,580274.9596093514,16.26123246511925,1.2388170571500894,445.99525371459794,0.18539167534572118,69.37262022816446,0.10328146696185969,2.424884142802725,2.1481493538148015
