lambda,n_hubs,config,abandonment_pct,avg_queue_wait_min,avg_true_wait_min,matched_riders,avg_earnings,total_earnings,avg_profit_per_hr,avg_idle_time,variance,fairness_cv,cvar,fairness_effect,delta_cvar_cross,delta_profit
3.9000000000000004,3,lam4_kmean_3,2.1384021384021383,0.11333934887634972,15.055281300956139,36245,115.96507853328282,610556.138477734,16.557743208275735,2.455638107891652,1386.7697574138492,0.32112561911440646,27.32677825709425,-0.08192505503378911,-4.611963768028918,-1.626985762673982
3.9000000000000004,4,lam4_kmean_4,2.3026049399379134,0.11372240947424872,15.379161891018233,36192,117.60269673189833,608829.1609810377,16.827105983328238,2.334687270840275,1335.5452375734362,0.3107506322377702,29.381032321593445,-0.04196089288565319,-2.5577097035297243,0.010632435941531071
