lambda,n_hubs,config,abandonment_pct,avg_queue_wait_min,avg_true_wait_min,matched_riders,avg_earnings,total_earnings,avg_profit_per_hr,avg_idle_time,variance,fairness_cv,cvar,fairness_effect,delta_cvar_cross,delta_profit
4.300000000000001,3,lam4_kmean_3,1.3884040067674626,0.06907799089975104,14.546560349979227,36720,114.82422385549795,617295.027447157,16.402334577773612,2.5487565888211328,1355.4749405364487,0.32063596011074885,29.069960516044734,-0.057509577056034544,-2.8687815090784348,-2.767840440458855
4.300000000000001,4,lam4_kmean_4,3.302509907529723,0.1613499130598951,15.48759527257363,35868,118.31262873757399,602092.967645514,16.93465753737581,2.2934502714390574,1276.386395325358,0.3019673442052069,32.26168846902413,0.004193440458296727,0.3229464439009604,0.720564441617185
