lambda,n_hubs,config,abandonment_pct,avg_queue_wait_min,avg_true_wait_min,matched_riders,avg_earnings,total_earnings,avg_profit_per_hr,avg_idle_time,variance,fairness_cv,cvar,fairness_effect,delta_cvar_cross,delta_profit
3.3000000000000003,3,lam3_kmean_3,2.331453129196884,0.12411667738368744,15.238350691576429,36362,117.16582593572272,611136.9480807297,16.71012042931199,2.3917028262470876,1331.8222818521976,0.3114742723442767,29.667784129936013,-0.03905633064519787,-2.2709578951871556,-0.42623836023408046
3.3000000000000003,4,lam3_kmean_4,2.1928531217328366,0.11668333707878069,15.102177818305293,36485,118.46555706032017,610571.4810888901,16.957078061045365,2.3237451137179654,1292.8400571256257,0.3035150976520543,31.931142211794164,-0.008643318386199361,-0.007599813329004945,0.8734927643633625
