lambda,n_hubs,config,abandonment_pct,avg_queue_wait_min,avg_true_wait_min,matched_riders,avg_earnings,total_earnings,avg_profit_per_hr,avg_idle_time,variance,fairness_cv,cvar,fairness_effect,delta_cvar_cross,delta_profit
3.4000000000000004,3,lam3_kmean_3,4.43280977312391,0.27743852618152076,24.785339617426388,35594,113.92210195954732,575534.459099633,16.276767878588135,1.2406518357442995,454.36903515831574,0.18710973082491525,69.212559511226,0.0864451330554954,2.2648234258642646,2.156831680587999
3.4000000000000004,4,lam3_kmean_4,3.9354351112070827,0.23721167002406787,24.615129820114323,35590,110.67544224305797,573630.8171457695,15.813358251518546,1.4085545801418322,453.4458711467154,0.19240283185724044,67.00043030789594,0.08830124760232327,0.05269422253419975,-1.0898280359013484
