lambda,n_hubs,config,abandonment_pct,avg_queue_wait_min,avg_true_wait_min,matched_riders,avg_earnings,total_earnings,avg_profit_per_hr,avg_idle_time,variance,fairness_cv,cvar,fairness_effect,delta_cvar_cross,delta_profit
3.5,3,lam4_kmean_3,4.011847065158858,0.2532944595510854,24.713926220651192,35650,112.89965362324271,575110.8355567984,16.128480538919206,1.2912310192506025,417.31872790609793,0.18094280891706724,72.43081012059363,0.16093852035302403,5.483074035231894,1.1343833442833926
3.5,4,lam4_kmean_4,3.832919900776186,0.23039536737834299,24.670376341964246,36054,111.93452265019414,583290.7975301617,15.987534541862518,1.3516976840813266,454.2350118018229,0.1904040805261815,67.21650447217384,0.08671460055907565,0.26876838681209847,0.16925237123481907
