lambda,n_hubs,config,abandonment_pct,avg_queue_wait_min,avg_true_wait_min,matched_riders,avg_earnings,total_earnings,avg_profit_per_hr,avg_idle_time,variance,fairness_cv,cvar,fairness_effect,delta_cvar_cross,delta_profit
4.5,3,lam4_kmean_3,3.2980743151613776,0.1778513882705787,24.545820714424707,35654,111.35640587680638,575935.3311948426,15.907677191341438,1.381131063120566,439.36057587789037,0.18823281500884265,67.97853512210575,0.11662115730017941,1.030799036744014,-0.4088644021529433
4.5,4,lam4_kmean_4,4.243606531092167,0.22747428607531717,24.55173393374563,35833,113.10185368086233,579873.2038217812,16.164859548948844,1.3035891940645143,492.2526142805703,0.19616625126523846,67.24312468398196,0.01027636844689006,0.29538859862022093,1.3365834019030132
