lambda,n_hubs,config,abandonment_pct,avg_queue_wait_min,avg_true_wait_min,matched_riders,avg_earnings,total_earnings,avg_profit_per_hr,avg_idle_time,variance,fairness_cv,cvar,fairness_effect,delta_cvar_cross,delta_profit
2.2,3,lam2_kmean_3,1.7956656346749225,0.09694197682012004,15.00238863452083,36478,116.9603848841471,612404.5752533942,16.70932599027388,2.407664047970467,1345.9805151402143,0.3136754991188942,29.754637262429856,-0.0501022503066455,-2.1841047626933126,-0.6316794118096993
2.2,4,lam2_kmean_4,2.2827112249023043,0.12044608041701434,14.959520931747177,36258,116.30725901605155,610147.8807982064,16.635489516689216,2.439468741160865,1387.3348250060826,0.32024608050733644,27.365343735115754,-0.08236590744101568,-4.573398290007415,-1.2848052799052567
