lambda,n_hubs,config,abandonment_pct,avg_queue_wait_min,avg_true_wait_min,matched_riders,avg_earnings,total_earnings,avg_profit_per_hr,avg_idle_time,variance,fairness_cv,cvar,fairness_effect,delta_cvar_cross,delta_profit
1.4,3,lam1_kmean_3,3.964722281792837,0.2501139052515907,24.760241273428232,35825,112.26624427939271,577609.8268174755,16.00530691172793,1.3299834345504906,460.361823172361,0.19111750032617425,67.19311305626077,0.07439602707957826,0.24537697089903077,0.5009740004333878
1.4,4,lam1_kmean_4,4.2893503014065635,0.267938288015057,24.822097944751683,35724,112.16483189498017,576190.7414445131,16.040073257443556,1.307945875715644,479.55533805520764,0.19523723795472508,64.07913589599521,0.03580552557481165,-2.868600189366532,0.39956161602084705
