lambda,n_hubs,config,abandonment_pct,avg_queue_wait_min,avg_true_wait_min,matched_riders,avg_earnings,total_earnings,avg_profit_per_hr,avg_idle_time,variance,fairness_cv,cvar,fairness_effect,delta_cvar_cross,delta_profit
2.3,3,lam2_kmean_3,2.969579913085466,0.15404493728850902,15.428961083019871,36171,117.94530146942792,605413.2324425735,16.856563569242,2.320622261778312,1275.9139699419889,0.30285172485920997,32.615195041308105,0.004562015599316682,0.6764530161849365,0.35323717347111483
2.3,4,lam2_kmean_4,2.0380142149472324,0.1050423028906775,15.028593228863983,36387,117.8343850054638,611324.7894083462,16.851765920428353,2.3692629909325227,1302.6438648501774,0.30629563636704105,31.838417721858693,-0.01629201793074886,-0.10032430326447539,0.24232070950699836
