lambda,n_hubs,config,abandonment_pct,avg_queue_wait_min,avg_true_wait_min,matched_riders,avg_earnings,total_earnings,avg_profit_per_hr,avg_idle_time,variance,fairness_cv,cvar,fairness_effect,delta_cvar_cross,delta_profit
1.8,3,lam2_kmean_3,2.0096311640795244,0.09793938816010436,14.72789939499438,36424,115.09737903574215,609670.8167523262,16.441160591817145,2.517598809750135,1433.46174937903,0.32894828024378503,26.17908494426976,-0.11835304584228035,-5.759657080853408,-2.494685260214652
1.8,4,lam2_kmean_4,1.7879776705051105,0.08923981286435007,14.870197775173708,36418,115.6232268663029,610606.2610809456,16.528266781248227,2.4771174527746935,1354.8816172453558,0.31835053899555527,29.936354221607843,-0.05704668021902415,-2.002387803515326,-1.9688374296539024
