lambda,n_hubs,config,abandonment_pct,avg_queue_wait_min,avg_true_wait_min,matched_riders,avg_earnings,total_earnings,avg_profit_per_hr,avg_idle_time,variance,fairness_cv,cvar,fairness_effect,delta_cvar_cross,delta_profit
1.6,3,lam2_kmean_3,3.861690095330425,0.22887016208764926,24.809946552562003,35700,112.13377205795304,577264.6585543422,16.003123372621896,1.3230336029573668,454.18883762465043,0.19005609278337698,67.07730343704219,0.08680743840897087,0.12956735168044986,0.3685017789937177
1.6,4,lam2_kmean_4,4.2655306298533215,0.2561642189508936,24.77835192930067,35506,112.32729392714357,574217.126555558,16.077571632118485,1.3040116823840269,466.0743148729898,0.19219508996017334,66.66544488917144,0.06291048517051923,-0.2822911961903003,0.5620236481842511
