lambda,n_hubs,config,abandonment_pct,avg_queue_wait_min,avg_true_wait_min,matched_riders,avg_earnings,total_earnings,avg_profit_per_hr,avg_idle_time,variance,fairness_cv,cvar,fairness_effect,delta_cvar_cross,delta_profit
3.2,3,lam3_kmean_3,2.792367885089506,0.14589519875846368,15.531338818350047,36274,118.44996645594698,609069.7275164793,16.907935126574692,2.301118804087272,1267.716409301817,0.30059109733881606,32.000499290113,0.010957559055139177,0.06175726498982925,0.857902159990175
3.2,4,lam3_kmean_4,1.924782924272158,0.10517415867538948,15.063211301906485,36483,117.56144309608868,610261.4511117963,16.803928020580976,2.373083981941863,1315.0008330862852,0.30845946817822506,31.658146610454295,-0.025932633085086865,-0.2805954146688734,-0.030621199868122062
