lambda,n_hubs,config,abandonment_pct,avg_queue_wait_min,avg_true_wait_min,matched_riders,avg_earnings,total_earnings,avg_profit_per_hr,avg_idle_time,variance,fairness_cv,cvar,fairness_effect,delta_cvar_cross,delta_profit
3.5,3,lam4_kmean_3,1.4922960887835364,0.07923738116779308,14.578696317995371,36570,115.03255457844357,615194.1018855162,16.426990109670772,2.545217480413308,1368.4844165517102,0.3215875030816235,29.21515414757717,-0.06765926338898498,-2.7235878775459987,-2.5595097175132366
3.5,4,lam4_kmean_4,2.6124231640245874,0.1409152064848285,15.429298694297735,36123,118.71824890184416,604157.168661485,16.92756743131162,2.303162169779874,1264.5421823725924,0.29953610515691337,34.44837179495959,0.01343401603491623,2.5096297698364225,1.1261846058873601
