lambda,n_hubs,config,abandonment_pct,avg_queue_wait_min,avg_true_wait_min,matched_riders,avg_earnings,total_earnings,avg_profit_per_hr,avg_idle_time,variance,fairness_cv,cvar,fairness_effect,delta_cvar_cross,delta_profit
1.4,3,lam1_kmean_3,5.05412246216813,0.27719908612306066,24.71981354598079,35261,113.19517633783613,570843.2742717076,16.163137747978812,1.2915614466013077,442.5046671993398,0.18583649571936117,71.11725760609356,0.1102996439342272,4.16952152073182,1.42990605887681
1.4,4,lam1_kmean_4,3.744955609362389,0.20730139648952356,24.678933269664014,35778,111.22461055750043,578590.4241201172,15.892364457076573,1.3741584762541375,449.0994033844267,0.19053306127362352,66.43662844257733,0.0970402603232775,-0.5111076427844097,-0.5406597214588942
