lambda,n_hubs,config,abandonment_pct,avg_queue_wait_min,avg_true_wait_min,matched_riders,avg_earnings,total_earnings,avg_profit_per_hr,avg_idle_time,variance,fairness_cv,cvar,fairness_effect,delta_cvar_cross,delta_profit
4.9,3,lam5_kmean_3,4.357123763699546,0.23595601612567998,24.53716095863721,35780,112.94987618228275,578981.0653103814,16.15019247445433,1.311814771836174,467.9600938831296,0.1915219921778209,69.8869410268599,0.059118935880425716,2.9392049414981614,1.1846059033234297
4.9,4,lam5_kmean_4,4.789487798337356,0.26759300233043964,24.727289814755817,35504,113.22276560904265,573586.5305754101,16.170080414901705,1.2832224731149418,462.35545700059936,0.18991279918716225,69.80281270315628,0.07038762477712435,2.8550766177945377,1.4574953300833329
