lambda,n_hubs,config,abandonment_pct,avg_queue_wait_min,avg_true_wait_min,matched_riders,avg_earnings,total_earnings,avg_profit_per_hr,avg_idle_time,variance,fairness_cv,cvar,fairness_effect,delta_cvar_cross,delta_profit
2.9000000000000004,3,lam3_kmean_3,3.401726409766854,0.22222012471756863,24.716803463529235,35922,110.45281237230338,581202.6987030604,15.774518898509506,1.4145004223264515,473.595463343429,0.19702756421099868,64.42958174278814,0.04778845603006987,-2.5181543425735953,-1.3124579066559363
2.9000000000000004,4,lam3_kmean_4,4.215092924856729,0.2482288951205821,24.742223804892877,35768,111.77114297107934,576627.3265877983,15.95738342456703,1.3409172098900446,449.6252260652385,0.18971236694569985,65.41616121942492,0.09598304068013419,-1.5315748659368182,0.0058726921200218385
