lambda,n_hubs,config,abandonment_pct,avg_queue_wait_min,avg_true_wait_min,matched_riders,avg_earnings,total_earnings,avg_profit_per_hr,avg_idle_time,variance,fairness_cv,cvar,fairness_effect,delta_cvar_cross,delta_profit
4.2,3,lam4_kmean_3,3.5333874020005407,0.22312702351981592,24.531358003153326,35683,111.49220870902487,575522.7813559864,15.953643068905766,1.370040486306524,437.3470691572025,0.1875722513671916,67.97439176561572,0.12066951606139853,1.026655680253981,-0.2730615699344554
4.2,4,lam4_kmean_4,4.035153528749799,0.2428639403192576,24.585150625912025,35816,112.65946681726949,579632.9567748515,16.092976240682713,1.3251961036237978,479.72224418032687,0.19441386615228679,67.15916007669301,0.03546994394154224,0.211423991331273,0.8941965383101689
