lambda,n_hubs,config,abandonment_pct,avg_queue_wait_min,avg_true_wait_min,matched_riders,avg_earnings,total_earnings,avg_profit_per_hr,avg_idle_time,variance,fairness_cv,cvar,fairness_effect,delta_cvar_cross,delta_profit
4.800000000000001,3,lam5_kmean_3,3.8053884948353516,0.23303651939085582,24.64035457013421,35668,112.98859734012561,576919.7780186813,16.150481097352163,1.293561242900014,437.90005367978875,0.18520507451984186,69.42571145668423,0.11955768479019924,2.4779753713224864,1.2233270611662874
4.800000000000001,4,lam5_kmean_4,4.396311387518765,0.26895503719725344,24.700113989845097,35664,110.97221749684132,577055.5309835749,15.855632616761206,1.3984357027193115,495.556558254487,0.20060065632843882,65.89581101528374,0.003633455167309063,-1.0519250700779992,-0.7930527821179965
