lambda,n_hubs,config,abandonment_pct,avg_queue_wait_min,avg_true_wait_min,matched_riders,avg_earnings,total_earnings,avg_profit_per_hr,avg_idle_time,variance,fairness_cv,cvar,fairness_effect,delta_cvar_cross,delta_profit
1.8,3,lam2_kmean_3,3.9959236215404417,0.22056507257781333,24.614637046074865,35798,112.91937486077404,578147.1992871631,16.156565452218736,1.289574115021294,448.5805429909384,0.18756497823121696,68.69871386765931,0.09808348158409874,1.7509777822975678,1.154104581814721
1.8,4,lam2_kmean_4,3.7873270211216314,0.2011309867416191,24.564106984571087,35667,112.27403154958552,575067.589596977,16.02459599572989,1.333269050420831,417.0210025054751,0.18188615672652048,70.76412038856758,0.16153712736121784,3.8163843032058367,0.508761270626195
