lambda,n_hubs,config,abandonment_pct,avg_queue_wait_min,avg_true_wait_min,matched_riders,avg_earnings,total_earnings,avg_profit_per_hr,avg_idle_time,variance,fairness_cv,cvar,fairness_effect,delta_cvar_cross,delta_profit
3.3000000000000003,3,lam3_kmean_3,3.9886501824077825,0.24825524117003245,24.705599564575,35529,111.12428864151947,574623.6965652972,15.900085570060309,1.3725229607949254,458.40279023917645,0.19267023734023037,67.14010291449866,0.07833486078551455,0.19236682913691538,-0.6409816374398503
3.3000000000000003,4,lam3_kmean_4,3.664766616476662,0.2178793397558964,24.660935991161367,35829,110.72696042676462,580209.2726362466,15.814429556599835,1.4104224237627436,445.0455579640791,0.19052363424493224,65.77938386702958,0.10519092625126902,-1.16835221833216,-1.0383098521947005
