lambda,n_hubs,config,abandonment_pct,avg_queue_wait_min,avg_true_wait_min,matched_riders,avg_earnings,total_earnings,avg_profit_per_hr,avg_idle_time,variance,fairness_cv,cvar,fairness_effect,delta_cvar_cross,delta_profit
4.2,3,lam4_kmean_3,1.8233648881239244,0.09948204404485914,14.993088681208574,36506,116.91613967191643,612640.5718808421,16.71426224915565,2.4068880881810113,1352.8025498243728,0.31458842504351586,29.374546671790057,-0.0554246408560799,-2.564195353333112,-0.6759246240403769
4.2,4,lam4_kmean_4,2.5190613465527925,0.13245495123922327,15.355399518800564,36182,119.65124448501717,606631.809539037,17.087112699424747,2.268321006270833,1255.8925247870277,0.2961822429774194,33.81513490988169,0.020182274863935867,1.8763928847585234,2.0591801890603705
