lambda,n_hubs,config,abandonment_pct,avg_queue_wait_min,avg_true_wait_min,matched_riders,avg_earnings,total_earnings,avg_profit_per_hr,avg_idle_time,variance,fairness_cv,cvar,fairness_effect,delta_cvar_cross,delta_profit
3.8000000000000003,3,lam4_kmean_3,3.7427531346905756,0.20955786219170072,24.56977980814438,35697,112.13458269920191,575811.0821604019,16.0042524703129,1.3494060899327742,460.20649356413765,0.19130961599054833,66.87359040104411,0.07470833295562374,-0.07414568431762802,0.3693124202425935
3.8000000000000003,4,lam4_kmean_4,3.5884973673552047,0.20735073438100757,24.58324662888236,35706,110.98735689167148,576579.3190522334,15.865327003470624,1.3943201527392162,460.2300494860296,0.19329204313248033,67.97451755381684,0.07466097139393135,1.0267814684550984,-0.777913387287839
