lambda,n_hubs,config,abandonment_pct,avg_queue_wait_min,avg_true_wait_min,matched_riders,avg_earnings,total_earnings,avg_profit_per_hr,avg_idle_time,variance,fairness_cv,cvar,fairness_effect,delta_cvar_cross,delta_profit
4.6,3,lam5_kmean_3,3.679474513364129,0.20722733329863605,24.545482684688963,36073,111.83018185582135,581852.4361958385,15.99745147502863,1.3471414636084322,434.47250919123644,0.18638979038177372,68.495329029177,0.1264491093964002,1.5475929438152605,0.06491157686203053
4.6,4,lam5_kmean_4,3.60103348046076,0.19480760708545744,24.548085384903345,35818,108.36515360985528,578344.8248157976,15.508820813007283,1.5218754025840229,465.94968253469057,0.19919565412504142,63.98087881206564,0.06316107108289837,-2.9668572732960996,-3.4001166691040368
