lambda,n_hubs,config,abandonment_pct,avg_queue_wait_min,avg_true_wait_min,matched_riders,avg_earnings,total_earnings,avg_profit_per_hr,avg_idle_time,variance,fairness_cv,cvar,fairness_effect,delta_cvar_cross,delta_profit
3.4000000000000004,3,lam3_kmean_3,3.7628921357971636,0.22040628171466706,24.645867024323593,35831,112.51806082288354,580030.6035419647,16.079382145773383,1.3191398194622639,468.57737817633085,0.1923837652280852,66.68641507796357,0.05787782342181402,-0.2613210073981662,0.7527905439242204
3.4000000000000004,4,lam3_kmean_4,4.142779881016765,0.23421992324076996,24.55661002804908,35448,112.77013438814063,571519.0410790967,16.095840767835973,1.3249482096966245,491.83666463398276,0.19666014378738492,65.64539154280024,0.01111267725017695,-1.3023445425614995,1.0048641091813124
