lambda,n_hubs,config,abandonment_pct,avg_queue_wait_min,avg_true_wait_min,matched_riders,avg_earnings,total_earnings,avg_profit_per_hr,avg_idle_time,variance,fairness_cv,cvar,fairness_effect,delta_cvar_cross,delta_profit
3.8000000000000003,3,lam4_kmean_3,1.6369933437956599,0.0875461229980575,14.90985082720467,36353,116.3868729695654,611031.0830902184,16.61623811871622,2.4513949815158798,1332.2978102588627,0.31361487767372076,29.251129711562513,-0.03942732669180238,-2.687612313560656,-1.2051913263914003
3.8000000000000003,4,lam4_kmean_4,2.982329895258655,0.16146121181808448,15.711646793201606,36402,119.91730256345956,612297.7468890245,17.130188850780538,2.2186109605434607,1293.5643017159712,0.2999246495607553,30.777857905129213,-0.009208356932849382,-1.1608841199939555,2.3252382675027548
