lambda,n_hubs,config,abandonment_pct,avg_queue_wait_min,avg_true_wait_min,matched_riders,avg_earnings,total_earnings,avg_profit_per_hr,avg_idle_time,variance,fairness_cv,cvar,fairness_effect,delta_cvar_cross,delta_profit
2.1,3,lam2_kmean_3,1.6199860761527338,0.08656830035521201,14.714628103072293,36741,116.87042801585612,615439.6739314983,16.707328285637804,2.439617008876122,1350.9940489595965,0.31450103819656694,30.21972193984193,-0.0540136911384419,-1.7190200852812403,-0.7216362801006824
2.1,4,lam2_kmean_4,2.156029894080327,0.1087768169809337,14.919524194157216,36396,116.90048796008297,609051.5422720322,16.690154986569468,2.4275433929299273,1343.5223510658082,0.3135495082094202,29.92835756055718,-0.048184448676443115,-2.0103844645659876,-0.6915763358738332
