lambda,n_hubs,config,abandonment_pct,avg_queue_wait_min,avg_true_wait_min,matched_riders,avg_earnings,total_earnings,avg_profit_per_hr,avg_idle_time,variance,fairness_cv,cvar,fairness_effect,delta_cvar_cross,delta_profit
1.1,3,lam1_kmean_3,3.624190181887181,0.22199049707311597,24.806677566531473,35554,112.47111695190517,575289.763208995,16.08209027222174,1.2949812127631768,421.2083229769504,0.18247671915571848,69.71789840138939,0.15311809635299833,2.770162316027651,0.705846672945853
1.1,4,lam1_kmean_4,3.9603170381403263,0.23708276025790856,24.69924083736894,36109,112.97285532409109,584521.5534468472,16.152691475667012,1.288851654013423,456.58624573600554,0.18914170815364467,67.31523345125333,0.08198720710201668,0.36749736589159454,1.207585045131765
