lambda,n_hubs,config,abandonment_pct,avg_queue_wait_min,avg_true_wait_min,matched_riders,avg_earnings,total_earnings,avg_profit_per_hr,avg_idle_time,variance,fairness_cv,cvar,fairness_effect,delta_cvar_cross,delta_profit
2.8,3,lam3_kmean_3,4.179378492939874,0.27075323663885514,24.809780493587592,35491,113.1737724941142,574017.3740901472,16.190891098855907,1.2611319163011778,436.72501748171317,0.18465379712947244,70.0439059903258,0.12192021382392604,3.096169904964057,1.4085022151548827
2.8,4,lam3_kmean_4,3.745096985653645,0.23356453863406212,24.757971926996618,35828,112.15952294508388,580537.6907637542,16.034052954574495,1.3235599594458045,460.1266950206605,0.191250492297333,67.42938628175929,0.07486877599229147,0.4816501963975526,0.394252666124558
