lambda,n_hubs,config,abandonment_pct,avg_queue_wait_min,avg_true_wait_min,matched_riders,avg_earnings,total_earnings,avg_profit_per_hr,avg_idle_time,variance,fairness_cv,cvar,fairness_effect,delta_cvar_cross,delta_profit
2.1,3,lam2_kmean_3,4.757440197155179,0.25588672241786303,24.69198800365044,35555,111.70164887443994,573699.6686191235,15.968261666046256,1.3507618049211558,469.146730741826,0.1939075696652823,66.86580004899461,0.056733082546075786,-0.0819360363671251,-0.06362140451938103
2.1,4,lam2_kmean_4,4.476971744142405,0.23685112293846577,24.68057296062396,35632,111.09208202371579,575679.1690468952,15.865971121879221,1.393984613405238,490.8014034862522,0.1994204958783704,66.46408978714078,0.01319417441852666,-0.48364629822096106,-0.6731882552435309
