lambda,n_hubs,config,abandonment_pct,avg_queue_wait_min,avg_true_wait_min,matched_riders,avg_earnings,total_earnings,avg_profit_per_hr,avg_idle_time,variance,fairness_cv,cvar,fairness_effect,delta_cvar_cross,delta_profit
2.0,3,lam2_kmean_3,4.153605015673981,0.2724700872249051,24.812448896201648,35467,111.99043427136708,573391.0234693994,16.007117458709498,1.3322877246785878,470.5135456294243,0.1936890801698415,65.57453084878392,0.053984963074548475,-1.3732052365778173,0.22516399240775797
2.0,4,lam2_kmean_4,4.155161783234592,0.25982249554298154,24.882611057734884,35753,114.27671077020635,578811.5400510952,16.331241337175342,1.2083490138119828,432.6454000582962,0.18201547514361524,70.59432083353278,0.13012269696878986,3.646584748171037,2.511440491247029
