lambda,n_hubs,config,abandonment_pct,avg_queue_wait_min,avg_true_wait_min,matched_riders,avg_earnings,total_earnings,avg_profit_per_hr,avg_idle_time,variance,fairness_cv,cvar,fairness_effect,delta_cvar_cross,delta_profit
3.1,3,lam3_kmean_3,2.0327710584890983,0.10638283477493593,15.293508621434821,36531,119.15979148241726,612123.8488451774,17.012443853753005,2.2923642376506836,1233.7821957599267,0.29477423084526366,34.48470839572497,0.03743223205515156,2.5459663706018034,1.5677271864604592
3.1,4,lam3_kmean_4,1.911550299692208,0.09725133409064887,15.127179279848203,36330,117.48003551900513,608311.6239174085,16.806732797183496,2.3583489545199416,1268.2409820963014,0.3031355160661251,31.942512041952966,0.01054829973396676,0.0037700168297973846,-0.11202877695167501
