lambda,n_hubs,config,abandonment_pct,avg_queue_wait_min,avg_true_wait_min,matched_riders,avg_earnings,total_earnings,avg_profit_per_hr,avg_idle_time,variance,fairness_cv,cvar,fairness_effect,delta_cvar_cross,delta_profit
4.800000000000001,3,lam5_kmean_3,3.8994425501975427,0.21531484631829964,24.484724277816095,35513,111.22771792647274,571710.4701420699,15.897874457773568,1.3855534847374684,448.2028813440743,0.1903374712884632,67.12153950495909,0.09884280849428484,0.17380341959734835,-0.5375523524865855
4.800000000000001,4,lam5_kmean_4,3.843863353364734,0.20772398776709222,24.59219711118093,35522,109.87481514455379,572557.6617182698,15.699594284577673,1.4481679017312197,472.84265040098035,0.19790654819567283,64.41113157436862,0.04930206253548053,-2.536604510993115,-1.8904551344055278
