lambda,n_hubs,config,abandonment_pct,avg_queue_wait_min,avg_true_wait_min,matched_riders,avg_earnings,total_earnings,avg_profit_per_hr,avg_idle_time,variance,fairness_cv,cvar,fairness_effect,delta_cvar_cross,delta_profit
1.0,3,lam1_kmean_3,2.0327833495093284,0.10540679413559956,15.113587196318933,36338,118.67285726412918,611639.9063393218,16.96853408261338,2.3304066250165656,1233.5531810470532,0.2959562663805022,36.04270050352487,0.03761090393237165,4.103958478401701,1.080792968172375
1.0,4,lam1_kmean_4,2.029951872664211,0.10627490103741788,15.200727580008449,36438,118.04864639846137,611846.1342832253,16.90704081747072,2.3302290649876802,1280.2448008756,0.3030996946115306,32.523461266005306,0.0011832034561045646,0.5847192408821371,0.4565821025045693
