lambda,n_hubs,config,abandonment_pct,avg_queue_wait_min,avg_true_wait_min,matched_riders,avg_earnings,total_earnings,avg_profit_per_hr,avg_idle_time,variance,fairness_cv,cvar,fairness_effect,delta_cvar_cross,delta_profit
4.800000000000001,3,lam5_kmean_3,2.3594838291668916,0.12154066524113093,15.354252285247188,36168,117.9109450122387,606062.2573629069,16.833490996261062,2.33570382955051,1280.5755556697175,0.3034928637650147,33.566213512911,0.0009251563672384444,1.6274714877878296,0.31888071628189607
4.800000000000001,4,lam5_kmean_4,2.320800649175007,0.11969506406138694,15.271405772508604,36112,118.39685977551346,605599.9377517514,16.937535654426767,2.3100698879445374,1237.1516665514862,0.2970785451646523,34.29116170440157,0.03480345041919264,2.3524196792783982,0.8047954795566596
