lambda,n_hubs,config,abandonment_pct,avg_queue_wait_min,avg_true_wait_min,matched_riders,avg_earnings,total_earnings,avg_profit_per_hr,avg_idle_time,variance,fairness_cv,cvar,fairness_effect,delta_cvar_cross,delta_profit
2.0,3,lam2_kmean_3,4.959391273845822,0.2776651925221861,24.839905196486196,35223,113.29008642791601,569282.684300278,16.229177482685134,1.2509754171170948,455.2599942806707,0.1883379488006808,70.87240099027943,0.08465376969334992,3.924664904917691,1.5248161489566883
2.0,4,lam2_kmean_4,3.9048871474195543,0.20651128995699292,24.57366505032777,35806,111.76661719234534,579174.6102907335,15.982862524143345,1.3560551619977121,472.27559734114305,0.1944400152805261,65.68006041883271,0.05044218002268919,-1.2676756665290299,0.001346913386015558
