lambda,n_hubs,config,abandonment_pct,avg_queue_wait_min,avg_true_wait_min,matched_riders,avg_earnings,total_earnings,avg_profit_per_hr,avg_idle_time,variance,fairness_cv,cvar,fairness_effect,delta_cvar_cross,delta_profit
1.1,3,lam1_kmean_3,2.9208322075114834,0.15582848368477292,15.620232904502107,35929,118.79773218800605,601829.3112644387,16.98820464277567,2.26241114493482,1268.5634393752146,0.29981126383384504,31.864906344989873,0.010296726170749726,-0.07383568013329622,1.2056678920492487
1.1,4,lam1_kmean_4,1.8700150894589354,0.09856057796575134,15.070882065233672,36418,118.01366965232289,612372.9318259035,16.855747613085857,2.365133142053311,1298.8407685996715,0.30538355114585813,32.4432177173156,-0.013324931939631801,0.5044756921924289,0.4216053563660864
