lambda,n_hubs,config,abandonment_pct,avg_queue_wait_min,avg_true_wait_min,matched_riders,avg_earnings,total_earnings,avg_profit_per_hr,avg_idle_time,variance,fairness_cv,cvar,fairness_effect,delta_cvar_cross,delta_profit
2.4000000000000004,3,lam2_kmean_3,4.1301660665341,0.22662731085880786,24.63562975300897,35677,111.16340827273912,576604.5987106978,15.90298323042826,1.3781710940069722,481.7378350912898,0.1974438107544089,65.86308738178437,0.03141739470513194,-1.084648703577372,-0.6018620062202018
2.4000000000000004,4,lam2_kmean_4,4.0407015664747625,0.21230161080932944,24.607313646701314,35836,110.56257954723222,578795.1039297606,15.804329454071846,1.4109960952020206,441.2815348080028,0.1899982998429215,67.98477370495826,0.11275887522544858,1.0370376195965179,-1.2026907317271025
