lambda,n_hubs,config,abandonment_pct,avg_queue_wait_min,avg_true_wait_min,matched_riders,avg_earnings,total_earnings,avg_profit_per_hr,avg_idle_time,variance,fairness_cv,cvar,fairness_effect,delta_cvar_cross,delta_profit
1.9,3,lam2_kmean_3,3.597567538478097,0.22102454237226893,24.69974713362345,35827,109.69423015940995,578307.9814004092,15.668809080801777,1.4451300740078856,445.7943745915271,0.19247906810922924,65.92183694646535,0.10368535474106311,-1.025899138896392,-2.071040119549366
1.9,4,lam2_kmean_4,3.9122830620207183,0.22976824524780068,24.70771181783049,35711,111.04387069911519,576206.6450577087,15.903352702035786,1.3647834996157058,461.143120199917,0.19338521834546812,65.77387389664591,0.07282515044225557,-1.1738621887158303,-0.7213995798441317
