lambda,n_hubs,config,abandonment_pct,avg_queue_wait_min,avg_true_wait_min,matched_riders,avg_earnings,total_earnings,avg_profit_per_hr,avg_idle_time,variance,fairness_cv,cvar,fairness_effect,delta_cvar_cross,delta_profit
4.6,3,lam5_kmean_3,2.406807131280389,0.12651606055184736,15.217377357114868,36129,117.47557306988801,605469.1036022028,16.788889701622786,2.3621346216243726,1294.1484123644457,0.30622769800698246,31.442717463079422,-0.00966406628338734,-0.4960245620437469,-0.11649122606878848
4.6,4,lam5_kmean_4,2.595276435856146,0.13575286683713034,15.123634397008658,36293,118.37465372908383,607380.3482839292,16.915501211578796,2.3421390981881216,1274.776370844448,0.3016187118281123,33.65233331868766,0.005449543582699223,1.713591293564491,0.7825894331270291
