lambda,n_hubs,config,abandonment_pct,avg_queue_wait_min,avg_true_wait_min,matched_riders,avg_earnings,total_earnings,avg_profit_per_hr,avg_idle_time,variance,fairness_cv,cvar,fairness_effect,delta_cvar_cross,delta_profit
3.4000000000000004,3,lam3_kmean_3,2.536202681282072,0.14064768696334307,15.472619862754756,36277,118.80991990350329,607831.5502263228,16.949461597407588,2.289930276805973,1273.7635468165595,0.30039431189245797,32.211081541393305,0.006239724999805074,0.27233951627013653,1.2178556075464826
3.4000000000000004,4,lam3_kmean_4,2.4013999192354287,0.12357469727101783,15.435399410393954,36253,118.69450402440326,609258.8891572619,16.94551288131021,2.2996539334073547,1286.074065248924,0.3021359338395101,30.865144001882268,-0.0033646511132627843,-1.0735980232409013,1.1024397284464555
