lambda,n_hubs,config,abandonment_pct,avg_queue_wait_min,avg_true_wait_min,matched_riders,avg_earnings,total_earnings,avg_profit_per_hr,avg_idle_time,variance,fairness_cv,cvar,fairness_effect,delta_cvar_cross,delta_profit
3.5,3,lam4_kmean_3,3.9665914706198304,0.21921530305885092,24.534972556602327,35759,112.35643003086574,579197.3968091129,16.06949911681959,1.3396417420980498,422.1939818300865,0.18287657840273044,70.3091283209299,0.1511363296110907,3.361392235568161,0.5911597519064173
3.5,4,lam4_kmean_4,3.9956285318264206,0.2149972192238699,24.541275301415048,36017,111.62337555453658,582450.7736435719,15.978595345531321,1.3633680919429767,461.63202295998656,0.19248319205257808,67.69926151640243,0.07184216203115379,0.7515254310406903,-0.1418947244227411
