lambda,n_hubs,config,abandonment_pct,avg_queue_wait_min,avg_true_wait_min,matched_riders,avg_earnings,total_earnings,avg_profit_per_hr,avg_idle_time,variance,fairness_cv,cvar,fairness_effect,delta_cvar_cross,delta_profit
2.3,3,lam2_kmean_3,4.137522866673841,0.23594686355001535,24.75070570061923,35634,110.43165446489708,576453.2363067628,15.77027986447546,1.4181008212926136,444.09526334182976,0.1908290515581347,67.38680600130729,0.10710158963281868,0.4390699159455522,-1.3336158140622416
2.3,4,lam2_kmean_4,4.04277095453566,0.24103761847932897,24.719093741269493,35627,112.20028079880775,574914.238813091,16.05492274786924,1.3101718423883268,444.39255559567613,0.18788384690020254,69.09163776423381,0.10650385350999592,2.1439016788720693,0.43501051984843286
