lambda,n_hubs,config,abandonment_pct,avg_queue_wait_min,avg_true_wait_min,matched_riders,avg_earnings,total_earnings,avg_profit_per_hr,avg_idle_time,variance,fairness_cv,cvar,fairness_effect,delta_cvar_cross,delta_profit
3.6,3,lam4_kmean_3,4.71452707232696,0.254348375466195,24.634394007831254,35531,113.33220463452798,574594.2774970569,16.215879504349875,1.2831848617900965,484.8901268206489,0.1942980014658999,67.8721080136029,0.02507939359028588,0.9243719282411575,1.5669343555686623
3.6,4,lam4_kmean_4,4.231911989078937,0.23527480585805968,24.495475390484447,35778,112.40595739601314,578103.8388876956,16.067835048054615,1.344137009949637,460.3384972207416,0.1908751181211679,69.12280543689731,0.07444292626279525,2.1750693515355692,0.6406871170538153
