lambda,n_hubs,config,abandonment_pct,avg_queue_wait_min,avg_true_wait_min,matched_riders,avg_earnings,total_earnings,avg_profit_per_hr,avg_idle_time,variance,fairness_cv,cvar,fairness_effect,delta_cvar_cross,delta_profit
2.8,3,lam3_kmean_3,2.7211792666969314,0.1453471281128174,15.447640015337868,36428,119.03320288189367,610640.3307841145,16.978168903430475,2.2883451938106076,1272.0512615063446,0.29962923604630926,32.667448311414404,0.007575609611207623,0.728706286291235,1.4411385859368693
2.8,4,lam3_kmean_4,1.9278085710423145,0.095000830343138,14.768821480867054,36272,115.59066506610709,608122.4889127894,16.50301665441553,2.497698817256767,1405.9136050768893,0.32438185596257035,27.815796377150242,-0.09686063343507945,-4.1229456479729265,-2.00139922984971
