lambda,n_hubs,config,abandonment_pct,avg_queue_wait_min,avg_true_wait_min,matched_riders,avg_earnings,total_earnings,avg_profit_per_hr,avg_idle_time,variance,fairness_cv,cvar,fairness_effect,delta_cvar_cross,delta_profit
1.0,3,lam1_kmean_3,4.837199347192123,0.26700421458516665,24.779153449786833,35569,114.02487973459858,577079.9163368035,16.29857548590467,1.2439996823291315,450.0440841839528,0.18604924235577142,71.88844341677911,0.09514088409968557,4.9407073314173715,2.2596094556392643
1.0,4,lam1_kmean_4,4.436293539664266,0.2519018322728654,24.824365152812533,35694,111.92351486990846,578420.724847687,15.991238366730844,1.340463096318819,449.6273197882421,0.1894545349468863,69.01390393017438,0.09597883103842897,2.0661678448126395,0.15824459094913834
