lambda,n_hubs,config,abandonment_pct,avg_queue_wait_min,avg_true_wait_min,matched_riders,avg_earnings,total_earnings,avg_profit_per_hr,avg_idle_time,variance,fairness_cv,cvar,fairness_effect,delta_cvar_cross,delta_profit
2.0,3,lam2_kmean_3,2.6253428122587,0.14481702386902032,15.614213984925765,36571,120.46051552061742,612541.7214223396,17.219194985589564,2.192067530134306,1273.7928135643972,0.2962815989463894,34.26499043505492,0.006216891773456079,2.3262484099317504,2.8684512246606175
2.0,4,lam2_kmean_4,1.9573622596928364,0.10928299666863871,15.108585247470337,36515,118.54645174117863,611106.9587257758,16.900612238310238,2.3491801340667977,1312.8700889614875,0.30564853427665917,31.943123198895087,-0.024270276776723332,0.0043811737719181565,0.9543874452218262
