lambda,n_hubs,config,abandonment_pct,avg_queue_wait_min,avg_true_wait_min,matched_riders,avg_earnings,total_earnings,avg_profit_per_hr,avg_idle_time,variance,fairness_cv,cvar,fairness_effect,delta_cvar_cross,delta_profit
4.4,3,lam4_kmean_3,3.663190711674909,0.1971490142738133,24.509651002957256,35845,112.26516171419404,578053.3176663851,16.061199056978392,1.326118947030468,445.1984712680995,0.18794545416723546,68.61413118129838,0.10488347859903235,1.666395095936636,0.4998914352347157
4.4,4,lam4_kmean_4,3.2450758798837582,0.17105177917439218,24.534884507485764,35958,108.89417172342029,582257.1362051283,15.58929627585322,1.4948347317137753,439.89084765911707,0.19260511975291217,66.16228122094734,0.11555499229099431,-0.7854548644144046,-2.871098555539035
