lambda,n_hubs,config,abandonment_pct,avg_queue_wait_min,avg_true_wait_min,matched_riders,avg_earnings,total_earnings,avg_profit_per_hr,avg_idle_time,variance,fairness_cv,cvar,fairness_effect,delta_cvar_cross,delta_profit
2.5,3,lam2_kmean_3,3.8331393302834247,0.20545026594388083,24.639100420692028,35525,110.6830160772095,572784.6081995592,15.788923634251802,1.4108259328586912,452.5353628317734,0.19219641213372637,66.81462597017605,0.09013191659194508,-0.13311011518568705,-1.0822542017498193
2.5,4,lam2_kmean_4,3.4204365025969485,0.18899707246877215,24.58785983577819,35888,110.1268450255651,580148.219594677,15.727925789968262,1.440888510972096,449.1599245729633,0.1924452971766063,65.39207717797547,0.09691857635702394,-1.5556589073862739,-1.6384252533942174
