lambda,n_hubs,config,abandonment_pct,avg_queue_wait_min,avg_true_wait_min,matched_riders,avg_earnings,total_earnings,avg_profit_per_hr,avg_idle_time,variance,fairness_cv,cvar,fairness_effect,delta_cvar_cross,delta_profit
2.3,3,lam2_kmean_3,4.220178566640748,0.22957763661083094,24.675464424970126,35723,111.45809877523051,577464.4097544693,15.9130808165898,1.373396845854956,481.1140215925849,0.19679423707217075,66.03016399848212,0.032671634791296644,-0.9175720868796162,-0.3071715037288101
2.3,4,lam2_kmean_4,4.401793817735305,0.23950596923128203,24.685886681384197,35813,111.72181780595183,578719.0162348305,15.981008718111045,1.34757620968647,464.4354845990646,0.19289665808844286,67.47417799163074,0.06620551906806194,0.5264419062689996,-0.04345247300749122
