lambda,n_hubs,config,abandonment_pct,avg_queue_wait_min,avg_true_wait_min,matched_riders,avg_earnings,total_earnings,avg_profit_per_hr,avg_idle_time,variance,fairness_cv,cvar,fairness_effect,delta_cvar_cross,delta_profit
4.0,3,lam4_kmean_3,2.364919463448796,0.12493771758553728,15.200162340074549,36248,118.14531528243009,609629.8268573392,16.852968202351423,2.360874061311526,1348.2705543360835,0.3107935658488454,31.775194203754605,-0.05188888487217058,-0.16354782136856372,0.5532509864732873
4.0,4,lam4_kmean_4,2.3656549907255573,0.12214624977753494,15.276751728038015,36319,117.80329788887164,609396.459979133,16.841495325816144,2.3409808880571643,1273.7281534634747,0.3029569538797889,31.682311371031098,0.006267338059059768,-0.2564306540920711,0.21123359291483723
