lambda,n_hubs,config,abandonment_pct,avg_queue_wait_min,avg_true_wait_min,matched_riders,avg_earnings,total_earnings,avg_profit_per_hr,avg_idle_time,variance,fairness_cv,cvar,fairness_effect,delta_cvar_cross,delta_profit
3.0,3,lam3_kmean_3,4.031501968873054,0.22189201593222965,24.60476602342219,35826,112.38112341334366,578200.8799616531,16.059781554424543,1.322084737066881,445.10241290797023,0.18773126436193985,68.4291758016361,0.10507661364041176,1.481439716274366,0.6158531343843379
3.0,4,lam3_kmean_4,4.485679709560307,0.2561103724720885,24.601464102672214,35517,113.3542950408012,574026.1500866173,16.219002274346597,1.2764721756804007,484.3681411862056,0.19415554784952635,68.20350985697475,0.026128898463906203,1.2557737716130077,1.589024761841884
