lambda,n_hubs,config,abandonment_pct,avg_queue_wait_min,avg_true_wait_min,matched_riders,avg_earnings,total_earnings,avg_profit_per_hr,avg_idle_time,variance,fairness_cv,cvar,fairness_effect,delta_cvar_cross,delta_profit
1.3,3,lam1_kmean_3,2.556780271691265,0.13332564673414846,15.438416379909034,36511,118.53408907509083,613295.37687452,16.995017823300905,2.276440094616243,1298.5150471947732,0.3040046501522286,33.62620462458193,-0.013070811782311953,1.6874625994587618,0.9420247791340302
1.3,4,lam1_kmean_4,2.4008574490889605,0.13029018679963114,15.45869479491763,36424,118.88699757666281,610246.9585610102,17.011186345330593,2.2689034148521463,1286.401360251204,0.30168511719663493,32.21076032855986,-0.003619998954143444,0.2720183034366883,1.2949332807060046
