lambda,n_hubs,config,abandonment_pct,avg_queue_wait_min,avg_true_wait_min,matched_riders,avg_earnings,total_earnings,avg_profit_per_hr,avg_idle_time,variance,fairness_cv,cvar,fairness_effect,delta_cvar_cross,delta_profit
4.300000000000001,3,lam4_kmean_3,3.459797370122871,0.19328391125112393,24.448099658006573,35828,110.95444347065292,578738.3771429256,15.863539880903751,1.4071851809868494,427.8659219075441,0.18642714532309868,68.61690508630679,0.13973232083885223,1.6691690009450468,-0.8108268083064019
4.300000000000001,4,lam4_kmean_4,3.5737282678686415,0.1949594193824689,24.552248840951886,35940,110.07382415015809,581079.7176886846,15.761432839890844,1.4359974466752448,464.1211422586332,0.19571838405215675,65.84546383863373,0.06683753611316656,-1.1022722467280062,-1.691446128801232
