lambda,n_hubs,config,abandonment_pct,avg_queue_wait_min,avg_true_wait_min,matched_riders,avg_earnings,total_earnings,avg_profit_per_hr,avg_idle_time,variance,fairness_cv,cvar,fairness_effect,delta_cvar_cross,delta_profit
2.1,3,lam2_kmean_3,4.073945449202576,0.2530462478920649,24.6733337062419,35908,112.65853453118358,578952.2089557524,16.09838939345362,1.303682455854984,461.43554108458284,0.1906739763109522,67.07634831531004,0.07223720869950545,0.12861222994830257,0.893264252224256
2.1,4,lam2_kmean_4,3.4818490749231352,0.21354099523306663,24.81135146716149,35787,110.41945534261758,579812.560004085,15.815188413211185,1.389132637415901,450.6692818792755,0.19225753861675549,66.95140975790963,0.09388386094632406,0.0036736725478903054,-1.345814936341739
