lambda,n_hubs,config,abandonment_pct,avg_queue_wait_min,avg_true_wait_min,matched_riders,avg_earnings,total_earnings,avg_profit_per_hr,avg_idle_time,variance,fairness_cv,cvar,fairness_effect,delta_cvar_cross,delta_profit
1.2,3,lam1_kmean_3,2.6980636163707556,0.14273706193316615,15.49467161928735,36280,119.6883135980223,607178.8148827672,17.12764180047875,2.2331697059671414,1250.3214564910247,0.2954330609681926,34.67795469521061,0.024528690943841247,2.73921267008744,2.0962493020655018
1.2,4,lam1_kmean_4,2.51624461855229,0.13508960844347256,15.289930746672155,36456,117.97198592335107,610740.9711251885,16.865153546477266,2.337131886078179,1284.4466427561902,0.30379396603237413,32.00898065661979,-0.002094974470401967,0.0702386314966219,0.3799216273942676
