lambda,n_hubs,config,abandonment_pct,avg_queue_wait_min,avg_true_wait_min,matched_riders,avg_earnings,total_earnings,avg_profit_per_hr,avg_idle_time,variance,fairness_cv,cvar,fairness_effect,delta_cvar_cross,delta_profit
1.7000000000000002,3,lam2_kmean_3,3.4069808121854734,0.20510261792242335,24.639070270608713,35893,109.53833938023489,578800.5852851612,15.658543727543535,1.4542126435640552,511.37784343424875,0.20644520538880357,60.78509836713182,-0.028176837697943657,-6.162637718229917,-2.226930898724433
1.7000000000000002,4,lam2_kmean_4,3.9076807066681027,0.23725808823203262,24.724781691751158,35681,110.20923327096848,576724.917706978,15.740150525612663,1.4311372272607414,488.7328427773482,0.20059392731873762,64.38730732334989,0.017353224787201027,-2.5604287620118527,-1.556037007990838
