lambda,n_hubs,config,abandonment_pct,avg_queue_wait_min,avg_true_wait_min,matched_riders,avg_earnings,total_earnings,avg_profit_per_hr,avg_idle_time,variance,fairness_cv,cvar,fairness_effect,delta_cvar_cross,delta_profit
4.9,3,lam5_kmean_3,2.5478050094263396,0.13261574191359413,15.592450814474532,36184,119.10386940374391,606953.318481479,17.01746623045536,2.253168916712802,1269.505227060598,0.29915163153644503,34.24674179826311,0.009561965632534197,2.30799977313994,1.5118051077871115
4.9,4,lam5_kmean_4,2.213355619658696,0.12019937489500722,15.311365965507122,36272,118.15581269326663,608029.8121195501,16.90794400501092,2.3135325602644516,1265.6188299923274,0.3010900280661975,32.29309386297959,0.012594040956857011,0.3543518378564201,0.5637483973098227
