lambda,n_hubs,config,abandonment_pct,avg_queue_wait_min,avg_true_wait_min,matched_riders,avg_earnings,total_earnings,avg_profit_per_hr,avg_idle_time,variance,fairness_cv,cvar,fairness_effect,delta_cvar_cross,delta_profit
1.9,3,lam2_kmean_3,3.673316173316173,0.2030980263043441,24.68534463531733,35926,111.6841512284727,581874.4279003427,15.951708100736662,1.3577975889665246,426.7893404931653,0.18497593615268842,68.08116026569601,0.1418968965794175,1.1334241803342735,-0.08111905048662038
1.9,4,lam2_kmean_4,3.5469384462312097,0.20150478571445005,24.642733209016196,35868,111.83814017794188,578426.8610003154,15.978921479850415,1.3417516608486055,451.5599076350864,0.19000619081541323,67.029162777124,0.09209316785130783,0.08142669176226036,0.07286989898256024
