lambda,n_hubs,config,abandonment_pct,avg_queue_wait_min,avg_true_wait_min,matched_riders,avg_earnings,total_earnings,avg_profit_per_hr,avg_idle_time,variance,fairness_cv,cvar,fairness_effect,delta_cvar_cross,delta_profit
2.7,3,lam3_kmean_3,2.6613937580162466,0.14885440398609134,15.283405128578783,36428,117.67393488413049,610374.7002439848,16.801641054963717,2.361118440922161,1357.4461577811933,0.3130985312079313,29.705907216424315,-0.05904747425533663,-2.232834808698854,0.08187058817368609
2.7,4,lam3_kmean_4,2.061215117378502,0.10369884163658596,14.78665240234081,36254,115.79616784391496,608740.4543554609,16.544055204336686,2.484682264616651,1390.7353527137911,0.32205352735769516,27.563266729244706,-0.08501891895041536,-4.375475295878463,-1.7958964520418448
