lambda,n_hubs,config,abandonment_pct,avg_queue_wait_min,avg_true_wait_min,matched_riders,avg_earnings,total_earnings,avg_profit_per_hr,avg_idle_time,variance,fairness_cv,cvar,fairness_effect,delta_cvar_cross,delta_profit
3.7,3,lam4_kmean_3,1.6369933437956599,0.0875461229980575,14.90985082720467,36353,116.3868729695654,611031.0830902184,16.61623811871622,2.4513949815158798,1332.2978102588627,0.31361487767372076,29.251129711562513,-0.03942732669180238,-2.687612313560656,-1.2051913263914003
3.7,4,lam4_kmean_4,1.9465049542476582,0.10048765117867067,15.039664440413935,36219,117.8323977355099,608015.1723152311,16.823197744187617,2.375063692163128,1318.2847845321,0.3081342007620917,30.76782269112907,-0.028494694544638266,-1.1709193339940995,0.2403334395530976
