lambda,n_hubs,config,abandonment_pct,avg_queue_wait_min,avg_true_wait_min,matched_riders,avg_earnings,total_earnings,avg_profit_per_hr,avg_idle_time,variance,fairness_cv,cvar,fairness_effect,delta_cvar_cross,delta_profit
2.6,3,lam3_kmean_3,4.068585491119196,0.22413012789907508,24.566941620643057,35863,112.81301325764018,580084.5141707858,16.12511396851974,1.3148964181624265,440.1613313961601,0.18597164982477477,71.29634095092071,0.11501115740066359,4.348604865558968,1.0477429786808585
2.6,4,lam3_kmean_4,4.278561675011379,0.23662125406312848,24.69600215042994,35751,113.32386356846864,578178.351926327,16.21693300661234,1.2616076943770993,440.8463402903602,0.1852773145530008,69.68948867843511,0.11363387778701484,2.7417525930733717,1.558593289509318
