lambda,n_hubs,config,abandonment_pct,avg_queue_wait_min,avg_true_wait_min,matched_riders,avg_earnings,total_earnings,avg_profit_per_hr,avg_idle_time,variance,fairness_cv,cvar,fairness_effect,delta_cvar_cross,delta_profit
1.4,3,lam1_kmean_3,1.9437285223367697,0.10552972264008909,14.85566666239414,36524,116.35384311998891,612602.9840267416,16.58204593400167,2.4689802927737428,1344.2661198564995,0.31510978841748377,29.76925727310419,-0.04876471954368622,-2.1694847520189775,-1.2382211759678938
1.4,4,lam1_kmean_4,2.197802197802198,0.12456923167933023,15.24545720983755,36223,117.4220181336033,609302.8520952675,16.781895239047824,2.365207582454127,1310.5887297269544,0.3083072050296475,31.388906564896004,-0.022490414112298796,-0.5498354602271647,-0.17004616235350056
