lambda,n_hubs,config,abandonment_pct,avg_queue_wait_min,avg_true_wait_min,matched_riders,avg_earnings,total_earnings,avg_profit_per_hr,avg_idle_time,variance,fairness_cv,cvar,fairness_effect,delta_cvar_cross,delta_profit
4.0,3,lam4_kmean_3,4.412235746316464,0.24987983816966391,24.662240451478183,35811,114.19226676738997,578498.0234435976,16.300994226585487,1.2426863144084876,457.9905968987209,0.18740949343325006,69.6566179994548,0.0791636171556841,2.7088819140930553,2.426996488430646
4.0,4,lam4_kmean_4,4.16911961466417,0.22624284351366086,24.576021733369455,35812,112.28702200846917,576706.1450354976,16.04295324533249,1.3299758507344217,455.09437675217407,0.18998581257753253,68.58846564120931,0.08498676047287501,1.640729555847571,0.5217517295098446
