lambda,n_hubs,config,abandonment_pct,avg_queue_wait_min,avg_true_wait_min,matched_riders,avg_earnings,total_earnings,avg_profit_per_hr,avg_idle_time,variance,fairness_cv,cvar,fairness_effect,delta_cvar_cross,delta_profit
2.5,3,lam2_kmean_3,2.6301649562086937,0.13242775781329225,15.373100534134819,36243,118.9464339720515,607221.5454273229,16.971864399841824,2.2957443257868033,1252.2321374851722,0.29750275808011756,33.84111961696447,0.023038022699387928,1.9023775918413008,1.3543696760946915
2.5,4,lam2_kmean_4,1.8541409147095178,0.09992957068815561,15.130346991418707,36524,116.58694134223938,611731.6812227301,16.674095286772346,2.3990883103624148,1342.8268710788288,0.3143113781649339,29.203848524873838,-0.04764185159486933,-2.7348935002493313,-1.005122953717418
