lambda,n_hubs,config,abandonment_pct,avg_queue_wait_min,avg_true_wait_min,matched_riders,avg_earnings,total_earnings,avg_profit_per_hr,avg_idle_time,variance,fairness_cv,cvar,fairness_effect,delta_cvar_cross,delta_profit
4.7,3,lam5_kmean_3,3.5611578466417613,0.1970176827974369,24.589084343580385,35882,110.38850616836162,578987.7148530567,15.772806819750869,1.4231932530269706,467.8935406347497,0.19595198558895305,66.03828083954787,0.05925274791263713,-0.9094552458138736,-1.3767641105977049
4.7,4,lam5_kmean_4,3.5713325265564073,0.20323131822832072,24.530056003358634,35857,111.04998188868639,581013.5052416072,15.878944934414694,1.4033901421862576,476.09197079619685,0.19648388494656918,65.95370987717789,0.0427689754815227,-0.994026208183854,-0.7152883902729315
