lambda,n_hubs,config,abandonment_pct,avg_queue_wait_min,avg_true_wait_min,matched_riders,avg_earnings,total_earnings,avg_profit_per_hr,avg_idle_time,variance,fairness_cv,cvar,fairness_effect,delta_cvar_cross,delta_profit
4.4,3,lam4_kmean_3,2.2076485034949935,0.11845029507977642,15.02313674843762,36235,116.4606067327572,606526.8398641995,16.6107613847734,2.4351883990236565,1331.7942742126852,0.3133570884683175,30.519872575333128,-0.03903447974546581,-1.4188694497900407,-1.1314575631996036
4.4,4,lam4_kmean_4,2.5740650801359886,0.1349893262177347,15.106814933674768,36108,117.6104057582541,605575.9792492504,16.84272100395353,2.3595325112600847,1307.0471312130483,0.3073971777056636,32.075591465554474,-0.019727342487336985,0.13684944043130542,0.01834146229730038
