lambda,n_hubs,config,abandonment_pct,avg_queue_wait_min,avg_true_wait_min,matched_riders,avg_earnings,total_earnings,avg_profit_per_hr,avg_idle_time,variance,fairness_cv,cvar,fairness_effect,delta_cvar_cross,delta_profit
4.9,3,lam5_kmean_3,4.475449423128522,0.2700731622549817,24.77308980064573,35602,113.48105113126842,575802.853440056,16.22644140052948,1.261540616020761,486.21442112695047,0.19430794920268715,67.11723213189907,0.022416766044887404,0.16949604653733275,1.715780852309095
4.9,4,lam5_kmean_4,3.832200155867888,0.23773414706820478,24.64534161146562,35785,111.34650874818757,578333.7664380863,15.90001406193407,1.3825249772352417,479.96591806178475,0.19675627662183595,64.75831588910165,0.03498001297545961,-2.1894201962600874,-0.4187615307717465
