lambda,n_hubs,config,abandonment_pct,avg_queue_wait_min,avg_true_wait_min,matched_riders,avg_earnings,total_earnings,avg_profit_per_hr,avg_idle_time,variance,fairness_cv,cvar,fairness_effect,delta_cvar_cross,delta_profit
4.1,3,lam4_kmean_3,2.3943889068042568,0.12815279223416357,15.29636620564536,36321,117.02362406490239,611097.3648669203,16.71983160215341,2.3792661595192306,1354.034912083126,0.31444260650717526,28.943452527121238,-0.05638610082266404,-2.995289498001931,-0.5684402310544101
4.1,4,lam4_kmean_4,2.349603939199315,0.12588347254052207,15.32994779407612,36490,119.58700433421679,610013.3091088398,17.085246956832716,2.264171571942552,1314.8828413220501,0.303221186024449,32.61993220051048,-0.025840578693699268,0.6811901753873144,1.9949400382599833
