lambda,n_hubs,config,abandonment_pct,avg_queue_wait_min,avg_true_wait_min,matched_riders,avg_earnings,total_earnings,avg_profit_per_hr,avg_idle_time,variance,fairness_cv,cvar,fairness_effect,delta_cvar_cross,delta_profit
2.4000000000000004,3,lam2_kmean_3,1.8038392160030152,0.09795641433727116,14.97688973044851,36473,117.77937429017251,611392.7319402855,16.814374106496448,2.3838196218241743,1260.3618726239804,0.3014243864832277,34.40813716330549,0.01669539509993112,2.469395138182321,0.1873099942157097
2.4000000000000004,4,lam2_kmean_4,2.134779909858851,0.11016828743299191,15.130149187420036,36262,116.32002245861271,609051.6375932961,16.639668970985483,2.4124583432170965,1356.385613964747,0.3166191000253523,28.14121230234291,-0.058220062984763565,-3.797529722780258,-1.2720418373440907
