lambda,n_hubs,config,abandonment_pct,avg_queue_wait_min,avg_true_wait_min,matched_riders,avg_earnings,total_earnings,avg_profit_per_hr,avg_idle_time,variance,fairness_cv,cvar,fairness_effect,delta_cvar_cross,delta_profit
3.6,3,lam4_kmean_3,3.5063075717874606,0.21588053223125264,24.690270047723526,35721,109.65763644405182,577786.086423709,15.657275105545697,1.4580143078011263,451.11983333169286,0.19368994671563544,66.24512513817855,0.09297798171531224,-0.7026109471831887,-2.107633834907503
3.6,4,lam4_kmean_4,4.057394668959588,0.25074460592893555,24.74658001137488,35706,113.39316012918859,577511.3645379575,16.19817249749537,1.265223182432288,440.5738625683981,0.18510685648527053,69.44699850148507,0.11418172178555164,2.4992624161233294,1.6278898502292662
