lambda,n_hubs,config,abandonment_pct,avg_queue_wait_min,avg_true_wait_min,matched_riders,avg_earnings,total_earnings,avg_profit_per_hr,avg_idle_time,variance,fairness_cv,cvar,fairness_effect,delta_cvar_cross,delta_profit
2.4000000000000004,3,lam2_kmean_3,4.4147210979172815,0.2613027087804859,24.657333085670547,35660,112.4148820402235,577700.0788047086,16.05931702953319,1.3337356299296037,458.1466488297521,0.19040504354266927,69.20122993115223,0.07884985897663055,2.253493845790487,0.6496117612641825
2.4000000000000004,4,lam2_kmean_4,4.12373907195696,0.258812600528587,24.85793650320226,35642,113.12585925029173,577394.385613489,16.180007489570144,1.2642892885750154,413.9853771801406,0.17985835197053915,70.58505765955893,0.1676405588796378,3.6373215741971876,1.3605889713324046
