lambda,n_hubs,config,abandonment_pct,avg_queue_wait_min,avg_true_wait_min,matched_riders,avg_earnings,total_earnings,avg_profit_per_hr,avg_idle_time,variance,fairness_cv,cvar,fairness_effect,delta_cvar_cross,delta_profit
2.2,3,lam2_kmean_3,4.152935187417945,0.22836206668465323,24.666271944487118,35773,112.56848927347725,578039.1924193057,16.104043833468328,1.3034701956173178,432.7665792539453,0.18480342662733612,69.81354983204804,0.12987905394870813,2.8658137466862996,0.803218994517934
2.2,4,lam2_kmean_4,4.437345645871363,0.24290082267874763,24.649206496536863,35599,113.16179888781826,574748.776551229,16.176283992361256,1.2813344434655518,462.65006983605707,0.19007564521632667,67.11658110289027,0.06979527589577306,0.16884501752852543,1.3965286088589437
