lambda,n_hubs,config,abandonment_pct,avg_queue_wait_min,avg_true_wait_min,matched_riders,avg_earnings,total_earnings,avg_profit_per_hr,avg_idle_time,variance,fairness_cv,cvar,fairness_effect,delta_cvar_cross,delta_profit
4.2,3,lam4_kmean_3,3.288414044883496,0.27335880032536575,24.368605942495613,36027,111.46830223536959,580526.9180418048,15.918823753722997,1.4077752177490876,521.1032936704147,0.20479083775419765,64.09687678747972,-0.04773083832076397,-2.8508592978820246,-0.29696804358972884
4.2,4,lam4_kmean_4,2.7322697412521784,0.23447648656155934,24.375868580191103,36276,110.76473491278784,586831.56556795,15.82867352937451,1.4365468812212085,446.8964794585358,0.19085430222853358,68.45112318866927,0.10146946151940417,1.5033871033075314,-1.0005353661714764
