lambda,n_hubs,config,abandonment_pct,avg_queue_wait_min,avg_true_wait_min,matched_riders,avg_earnings,total_earnings,avg_profit_per_hr,avg_idle_time,variance,fairness_cv,cvar,fairness_effect,delta_cvar_cross,delta_profit
2.1,3,lam2_kmean_3,3.2543572984749454,0.2726565174293667,24.206778019860717,35525,112.04649723517056,572781.6938661919,16.021622933995346,1.3924010484146334,476.1191884802628,0.1947419695773645,67.29694106605173,0.0427142515768959,0.34920498068998995,0.28122695621124194
2.1,4,lam2_kmean_4,3.341785666622181,0.2893263071288125,24.336463517264182,36213,113.66689644819826,585384.516708221,16.26026893907797,1.2958905632932494,456.74368177391904,0.18801923095418557,69.81446427347524,0.08167066603618844,2.8667281881134983,1.9016261692389378
