lambda,n_hubs,config,abandonment_pct,avg_queue_wait_min,avg_true_wait_min,matched_riders,avg_earnings,total_earnings,avg_profit_per_hr,avg_idle_time,variance,fairness_cv,cvar,fairness_effect,delta_cvar_cross,delta_profit
1.1,3,lam1_kmean_3,3.2138277409702933,0.2879564034980096,24.133840805913028,36229,113.31708075517263,582789.7463238528,16.180243072220634,1.3437272550995965,447.57652357144633,0.18669740071016935,72.88005798992087,0.10010216410031414,5.9323219045591316,1.551810476213305
1.1,4,lam1_kmean_4,3.4015064197067577,0.29090961759985534,24.291995708374053,36038,112.25459973270472,582264.6088135394,16.043074726793172,1.38397590162491,486.68544288795147,0.19652600802424122,67.60914941927165,0.021469729189593556,0.6614133339099055,0.48932945374539827
