lambda,n_hubs,config,abandonment_pct,avg_queue_wait_min,avg_true_wait_min,matched_riders,avg_earnings,total_earnings,avg_profit_per_hr,avg_idle_time,variance,fairness_cv,cvar,fairness_effect,delta_cvar_cross,delta_profit
4.5,3,lam4_kmean_3,3.504230163601911,0.2861113902354571,24.51213903659811,36156,115.37110701226202,584354.6570171071,16.490038087729264,1.1960141973597775,471.98280861053877,0.18830681175286904,70.10965444579087,0.051030861356875734,3.1619183604291266,3.605836733302695
4.5,4,lam4_kmean_4,4.388991414587178,0.37321460468735895,24.43844396641992,35748,114.36192786979663,577642.0976703428,16.348232095963034,1.2738603964431459,522.2224552781137,0.19982338113920453,67.84661457723887,-0.04998102584345587,0.8988784918771273,2.59665759083731
