lambda,n_hubs,config,abandonment_pct,avg_queue_wait_min,avg_true_wait_min,matched_riders,avg_earnings,total_earnings,avg_profit_per_hr,avg_idle_time,variance,fairness_cv,cvar,fairness_effect,delta_cvar_cross,delta_profit
3.4000000000000004,3,lam3_kmean_3,3.966742657905324,0.32228915752138054,24.349799583058704,35806,113.38025067900023,575518.1524466051,16.212955789014256,1.3079626674774212,495.28541599830936,0.19628646656912935,67.89723105795318,0.004178614076914555,0.9494949725914381,1.6149804000409063
3.4000000000000004,4,lam3_kmean_4,3.344517514427594,0.27383683674149867,24.42482174691273,36009,112.33068971932559,580525.0044694747,16.057504435272634,1.3521858986035376,470.50295249142226,0.19310021219954163,66.48866988347382,0.05400626164911937,-0.45906620188792147,0.56541944036627
