lambda,n_hubs,config,abandonment_pct,avg_queue_wait_min,avg_true_wait_min,matched_riders,avg_earnings,total_earnings,avg_profit_per_hr,avg_idle_time,variance,fairness_cv,cvar,fairness_effect,delta_cvar_cross,delta_profit
1.3,3,lam1_kmean_3,2.8671422802530624,0.24477381299472734,24.254630610426965,36080,112.17740800338197,582761.6345775693,16.031077374333186,1.380643215622843,452.2230249591739,0.18957057809547453,69.36873864839619,0.09075990345188789,2.421002563034449,0.4121377244226494
1.3,4,lam1_kmean_4,3.9371553985332692,0.3383863996394067,24.30449225172543,35891,116.36674991697049,579506.4145865131,16.609134279308325,1.1908048564739604,468.77687167034,0.18606049989202333,72.62796664282496,0.0574767215898806,5.680230557463219,4.60147963801117
