lambda,n_hubs,config,abandonment_pct,avg_queue_wait_min,avg_true_wait_min,matched_riders,avg_earnings,total_earnings,avg_profit_per_hr,avg_idle_time,variance,fairness_cv,cvar,fairness_effect,delta_cvar_cross,delta_profit
2.6,3,lam3_kmean_3,2.983713005446886,0.2697596667919162,24.515881063470626,36157,112.23512533169816,582837.0058475086,16.00963405569888,1.353116941838797,446.6876864293511,0.18830991809677367,69.21370257881654,0.10188926100668505,2.2659664934547976,0.4698550527388363
2.6,4,lam3_kmean_4,3.6353829557713055,0.3066387969512641,24.28346691289348,35732,113.45952101443967,575126.3120221947,16.228513759296302,1.3103503402442513,474.0676755671665,0.19190187855375007,68.4972521968585,0.04683902562912767,1.5495161114967573,1.6942507354803524
