lambda,n_hubs,config,abandonment_pct,avg_queue_wait_min,avg_true_wait_min,matched_riders,avg_earnings,total_earnings,avg_profit_per_hr,avg_idle_time,variance,fairness_cv,cvar,fairness_effect,delta_cvar_cross,delta_profit
2.9000000000000004,3,lam3_kmean_3,3.3566094200749506,0.2985638266448683,24.377515380675305,35846,111.43731891202376,578471.1224723153,15.921080941218987,1.4115983833054155,489.09696205470834,0.1984571854616035,66.94744489800792,0.016621126179590662,-0.00029118735382382965,-0.32795136693556515
2.9000000000000004,4,lam3_kmean_4,3.8357717432381366,0.31992272012246253,24.42376211167505,35625,112.15955534291233,576836.5931285981,16.064382526735095,1.3653169414921242,482.3981939329497,0.19582428870269114,68.7444368942072,0.030089676513424535,1.7967008088454577,0.39428506395300644
