lambda,n_hubs,config,abandonment_pct,avg_queue_wait_min,avg_true_wait_min,matched_riders,avg_earnings,total_earnings,avg_profit_per_hr,avg_idle_time,variance,fairness_cv,cvar,fairness_effect,delta_cvar_cross,delta_profit
3.1,3,lam3_kmean_3,3.0273647920706743,0.25897322683987833,24.357973998268715,36004,110.86394407315419,580261.883278889,15.840642956136165,1.4333355837990016,495.4696249887824,0.20077895642333685,65.49382968440017,0.0038082432841007874,-1.4539064009615714,-0.9013262058051339
3.1,4,lam3_kmean_4,4.039456402283754,0.3629597414310186,24.364815395427144,35800,114.5802337775186,578057.2794075813,16.388397224240602,1.2608859820903493,505.7360420360824,0.1962692435704989,68.54736426461443,-0.016833425786448863,1.59962817925269,2.8149634985592797
