lambda,n_hubs,config,abandonment_pct,avg_queue_wait_min,avg_true_wait_min,matched_riders,avg_earnings,total_earnings,avg_profit_per_hr,avg_idle_time,variance,fairness_cv,cvar,fairness_effect,delta_cvar_cross,delta_profit
4.0,3,lam4_kmean_3,3.28133405056482,0.26451012047857325,24.363790714586475,35960,113.3289610533473,580697.5964373515,16.18110419706395,1.322891464041501,454.1981925257494,0.18805366135162246,70.68551085201916,0.08678862943483867,3.7377747666574237,1.5636907743879789
4.0,4,lam4_kmean_4,2.9209990352663735,0.25373959748558345,24.434218848040068,36226,112.4457316264975,583368.455678269,16.06533737845438,1.3424149276738837,478.61391052325996,0.19455826463532225,66.88072335747829,0.037698360775138884,-0.06701272788345136,0.6804613475381842
