lambda,n_hubs,config,abandonment_pct,avg_queue_wait_min,avg_true_wait_min,matched_riders,avg_earnings,total_earnings,avg_profit_per_hr,avg_idle_time,variance,fairness_cv,cvar,fairness_effect,delta_cvar_cross,delta_profit
3.8000000000000003,3,lam4_kmean_3,3.307556640889974,0.2663843960820754,24.41893254160024,35636,110.89930113625223,573016.6889710153,15.84687874059554,1.4141920913563875,466.64481874090916,0.19478899403535066,68.8518938951338,0.061763429484898436,1.9041578097720588,-0.8659691427070868
3.8000000000000003,4,lam4_kmean_4,3.5108958837772395,0.29047733967341566,24.426016590093408,35865,111.84975462906631,578263.2314322728,16.012856043245957,1.3686387817794483,489.3836700410194,0.1977833374727122,65.55325117232344,0.016044670796368843,-1.3944849130382977,0.08448435010699029
