lambda,n_hubs,config,abandonment_pct,avg_queue_wait_min,avg_true_wait_min,matched_riders,avg_earnings,total_earnings,avg_profit_per_hr,avg_idle_time,variance,fairness_cv,cvar,fairness_effect,delta_cvar_cross,delta_profit
1.5,3,lam2_kmean_3,3.506514396010938,0.2910062269899903,24.201902374567034,35994,114.34807310286864,580659.515216367,16.36551103838594,1.2741140842720515,475.28090072161285,0.19065417963055664,68.37215280714103,0.04439971383897057,1.424416721779295,2.5828028239093186
1.5,4,lam2_kmean_4,3.823007898554618,0.34554904771205025,24.220473979725096,35799,113.73266138250713,576738.3258706937,16.224123182355566,1.3303120523787837,523.3086758989753,0.2011378324030027,66.36873602086769,-0.052164982182861364,-0.5790000644940534,1.9673911035478113
