lambda,n_hubs,config,abandonment_pct,avg_queue_wait_min,avg_true_wait_min,matched_riders,avg_earnings,total_earnings,avg_profit_per_hr,avg_idle_time,variance,fairness_cv,cvar,fairness_effect,delta_cvar_cross,delta_profit
3.3000000000000003,3,lam3_kmean_3,3.5339370141838287,0.29631259262837356,24.361292023413625,36114,112.60477514658791,581153.2445315402,16.09671231509302,1.34598045900672,497.78136450711514,0.19813559764448768,65.75246965928464,-0.0008397426583059975,-1.1952664260770973,0.839504867628591
3.3000000000000003,4,lam3_kmean_4,3.625928607825784,0.2929838879350765,24.428970209402237,35935,112.10495130484207,579806.8081486432,16.00783487569962,1.3731058536573457,468.81789288045394,0.19314225379640743,67.06780314577004,0.05739424430105189,0.12006706040830295,0.3396810258827543
