lambda,n_hubs,config,abandonment_pct,avg_queue_wait_min,avg_true_wait_min,matched_riders,avg_earnings,total_earnings,avg_profit_per_hr,avg_idle_time,variance,fairness_cv,cvar,fairness_effect,delta_cvar_cross,delta_profit
1.4,3,lam1_kmean_3,2.7248833342273238,0.2408580454603827,24.33362049245351,36270,112.89702879587861,585483.9913354265,16.11797991281467,1.3380808071190182,458.8612821722367,0.18973969352960932,68.4308495168731,0.0774130164156489,1.4831134315113559,1.131758516919291
1.4,4,lam1_kmean_4,3.4690026954177897,0.31947449179100335,24.25203425486246,35813,113.04897905883408,577793.331969701,16.149416138149032,1.347904152908789,485.9663158372254,0.19500082073286032,68.68306096017288,0.022915606805160582,1.7353248748111412,1.2837087798747575
