lambda,n_hubs,config,abandonment_pct,avg_queue_wait_min,avg_true_wait_min,matched_riders,avg_earnings,total_earnings,avg_profit_per_hr,avg_idle_time,variance,fairness_cv,cvar,fairness_effect,delta_cvar_cross,delta_profit
4.6,3,lam5_kmean_3,3.3042729523194487,0.27632776592918584,24.440138627020897,35936,111.81491961673518,579089.4686950715,15.983323462060289,1.3764545810833977,471.7209523430531,0.19424185969654342,68.73548496460366,0.0515573498477081,1.7877488792419172,0.04964933777586111
4.6,4,lam5_kmean_4,3.550961383964437,0.2995601762547303,24.472839205348496,36016,113.30430081668638,579551.4986773508,16.21261189108223,1.2885630823379828,469.1498400415128,0.19116544456334877,68.15304168212053,0.056726830984807686,1.205305596758791,1.539030537727058
