lambda,n_hubs,config,abandonment_pct,avg_queue_wait_min,avg_true_wait_min,matched_riders,avg_earnings,total_earnings,avg_profit_per_hr,avg_idle_time,variance,fairness_cv,cvar,fairness_effect,delta_cvar_cross,delta_profit
4.4,3,lam4_kmean_3,3.4333494649674683,0.2800885293576881,24.477216851326933,35917,112.66399308390388,579318.2524374337,16.098363344163214,1.3351405628948405,497.27499989283365,0.19793070582527478,66.54364420030828,0.00017835457550774425,-0.40409188505346094,0.8987228049445548
4.4,4,lam4_kmean_4,2.985799902813023,0.25117347524393097,24.40591423182129,35936,111.60434691024781,580789.0213209296,15.959370866642622,1.3913153198866879,484.72237676219123,0.19727198932551088,65.56446685041422,0.025416672036826293,-1.3832692349475195,-0.16092336871150792
