lambda,n_hubs,config,abandonment_pct,avg_queue_wait_min,avg_true_wait_min,matched_riders,avg_earnings,total_earnings,avg_profit_per_hr,avg_idle_time,variance,fairness_cv,cvar,fairness_effect,delta_cvar_cross,delta_profit
2.8,3,lam3_kmean_3,3.1261780386665947,0.2617251148603667,24.320501553263256,35977,111.71566174014941,579804.2844313754,15.972078923041169,1.3906411790104682,488.2228366043887,0.1977857426981093,64.54680708121953,0.018378643742778755,-2.4009290041422133,-0.04960853880990612
2.8,4,lam3_kmean_4,3.5868776700072544,0.28893235386764904,24.301934684471263,35884,112.76791469236244,578273.8665424346,16.088520991916017,1.3576187530344956,484.8660215204574,0.19526541366691746,66.44208954020837,0.025127859732573588,-0.5056465451533683,1.002644413403118
