lambda,n_hubs,config,abandonment_pct,avg_queue_wait_min,avg_true_wait_min,matched_riders,avg_earnings,total_earnings,avg_profit_per_hr,avg_idle_time,variance,fairness_cv,cvar,fairness_effect,delta_cvar_cross,delta_profit
1.2,3,lam1_kmean_3,2.9948551313295426,0.2527362526973473,24.270230381416432,35824,111.3108980986499,578037.493826289,15.905328252032676,1.4230059970548488,487.6699653268786,0.1983925308692556,65.25212161460742,0.019490247323307064,-1.6956144707543217,-0.45437218030942006
1.2,4,lam1_kmean_4,3.1145568774228045,0.26879641643991825,24.209515417531737,36240,113.32287533546888,583839.4537283357,16.189783681671678,1.329843040392061,462.2689550668802,0.18972727922180146,70.77143543894107,0.07056154565736594,3.823699353579329,1.5576050565095585
