lambda,n_hubs,config,abandonment_pct,avg_queue_wait_min,avg_true_wait_min,matched_riders,avg_earnings,total_earnings,avg_profit_per_hr,avg_idle_time,variance,fairness_cv,cvar,fairness_effect,delta_cvar_cross,delta_profit
2.2,3,lam2_kmean_3,4.124264962543297,0.3400160286013807,24.398999916380216,35707,114.2234251945361,577056.7440827964,16.312097372756686,1.2884169000666559,519.7666757345395,0.19959471462344652,67.66564273057742,-0.04504343287259416,0.7179066452156775,2.4581549155767846
2.2,4,lam2_kmean_4,2.9597400155775793,0.25468484839157135,24.313683359959494,36131,112.75549627260351,581705.6052703615,16.12569125214728,1.3313677154827228,464.7058079145909,0.1911839056237162,66.58063331155036,0.06566200672140388,-0.3671027738113821,0.990225993644188
