lambda,n_hubs,config,abandonment_pct,avg_queue_wait_min,avg_true_wait_min,matched_riders,avg_earnings,total_earnings,avg_profit_per_hr,avg_idle_time,variance,fairness_cv,cvar,fairness_effect,delta_cvar_cross,delta_profit
1.8,3,lam2_kmean_3,4.086634520606335,0.33826073675727014,24.241663844154374,36003,114.05055513065417,579833.0222842458,16.299847776362178,1.2964304927520145,504.7254692624293,0.19698366193302608,68.09378471324659,-0.01480156708936442,1.146048627884852,2.285284851694854
1.8,4,lam2_kmean_4,2.8827037773359843,0.24240926143197275,24.314957900040035,36149,110.85961668380286,584119.3203069572,15.847909861103371,1.4362429471283298,485.0451194607814,0.19866332362601022,63.93419488042459,0.024767765222643567,-3.013541204937148,-0.9056535951564655
