lambda,n_hubs,config,abandonment_pct,avg_queue_wait_min,avg_true_wait_min,matched_riders,avg_earnings,total_earnings,avg_profit_per_hr,avg_idle_time,variance,fairness_cv,cvar,fairness_effect,delta_cvar_cross,delta_profit
1.6,3,lam2_kmean_3,2.5889530802872414,0.21066942612750578,24.266377005445143,36083,109.43870431105609,581557.274708952,15.632523429107547,1.506859094912951,451.8821851756854,0.19424134091425183,66.77738882208014,0.09144519628427861,-0.17034726328159877,-2.3265659679032353
1.6,4,lam2_kmean_4,2.852780456444873,0.2562757792094804,24.13443163371456,36267,111.52815666611056,585968.9351237449,15.945431329224457,1.4301179029191515,467.57614370758347,0.19388385586255255,68.08417747950962,0.05989090651309037,1.1364413941478801,-0.2371136128487592
