lambda,n_hubs,config,abandonment_pct,avg_queue_wait_min,avg_true_wait_min,matched_riders,avg_earnings,total_earnings,avg_profit_per_hr,avg_idle_time,variance,fairness_cv,cvar,fairness_effect,delta_cvar_cross,delta_profit
3.9000000000000004,3,lam4_kmean_3,2.9617098974276357,0.23727023646842055,24.325804595730325,36139,111.32333531579808,583556.9237254135,15.907460076124435,1.4157604802558732,472.07000316783655,0.19517176645419018,66.3655740530275,0.05085554788692792,-0.5821620323342387,-0.4419349631612448
3.9000000000000004,4,lam4_kmean_4,3.2643183651519228,0.2765905557689599,24.34975118181933,35976,112.02127937923724,579374.056949415,16.022739284299714,1.3709723634078892,462.62882677859017,0.19200644948904622,68.50429796483776,0.0698379872097844,1.5565618794760212,0.2560091002779217
