lambda,n_hubs,config,abandonment_pct,avg_queue_wait_min,avg_true_wait_min,matched_riders,avg_earnings,total_earnings,avg_profit_per_hr,avg_idle_time,variance,fairness_cv,cvar,fairness_effect,delta_cvar_cross,delta_profit
2.5,3,lam2_kmean_3,3.3087940034801235,0.2637856037677411,24.472384038987645,36119,112.81442562380064,581219.9208138209,16.08514717762313,1.3323470643712196,460.4912659265401,0.19021556960189884,67.68244539851182,0.07413576933989796,0.734709313150077,1.0491553448413242
2.5,4,lam2_kmean_4,3.7537780656303967,0.3107746432989721,24.21088065368033,35665,113.52982324018696,573325.6073629442,16.20868483185297,1.3261175728580787,503.8078745942418,0.1977072129533135,67.4384435036695,-0.012956650270345316,0.490707418307764,1.7645529612276363
