lambda,n_hubs,config,abandonment_pct,avg_queue_wait_min,avg_true_wait_min,matched_riders,avg_earnings,total_earnings,avg_profit_per_hr,avg_idle_time,variance,fairness_cv,cvar,fairness_effect,delta_cvar_cross,delta_profit
1.7000000000000002,3,lam2_kmean_3,2.81769892415132,0.2359258301402467,24.245360778489474,36042,111.11731195168132,581365.7761311966,15.879071132456021,1.431226885201632,473.2429197045635,0.19577639885216527,67.31290654179831,0.04849728064657055,0.365170456436573,-0.6479583272780047
1.7000000000000002,4,lam2_kmean_4,3.3269319196126697,0.30573406758468497,24.297531150014223,35741,112.42241263090857,574366.1061313119,16.083345926149146,1.357523466091166,504.2757732459686,0.19974740724321835,67.38980987309229,-0.013897407798799666,0.44207378773054984,0.657142351949247
