lambda,n_hubs,config,abandonment_pct,avg_queue_wait_min,avg_true_wait_min,matched_riders,avg_earnings,total_earnings,avg_profit_per_hr,avg_idle_time,variance,fairness_cv,cvar,fairness_effect,delta_cvar_cross,delta_profit
3.5,3,lam4_kmean_3,3.0574718814592114,0.26628419564883243,24.298532433387397,36114,113.43565880311762,580223.3947779466,16.202470509287664,1.3030702434305115,466.52783295873945,0.190409749523446,67.01865575955969,0.06199864122336396,0.07091967419795253,1.670388524158298
3.5,4,lam4_kmean_4,3.2467184570050898,0.28233084698023286,24.381858564761593,36118,111.68643338617422,580769.4536081059,15.95419332285515,1.3890628444488489,486.86237238394443,0.19756166751955356,67.07996778029276,0.021113994556149374,0.13223169493102205,-0.0788368927851053
