lambda,n_hubs,config,abandonment_pct,avg_queue_wait_min,avg_true_wait_min,matched_riders,avg_earnings,total_earnings,avg_profit_per_hr,avg_idle_time,variance,fairness_cv,cvar,fairness_effect,delta_cvar_cross,delta_profit
4.800000000000001,3,lam5_kmean_3,3.2245019007306355,0.2552664711768399,24.362786379300477,35895,111.01123246310264,580255.7120846375,15.886546309430573,1.4220171357927858,498.5186265330326,0.20112857222257546,66.46293835306861,-0.0023220824743448443,-0.4847977322931314,-0.7540378158566767
4.800000000000001,4,lam5_kmean_4,3.9183519793459554,0.31798246405669817,24.265822446715255,35727,113.89825527466851,575300.0873923507,16.28873399760733,1.2931118584600425,483.9147110806808,0.19313782706345806,67.92326838699519,0.02704056551792766,0.9755323016334501,2.1329849957091938
