lambda,n_hubs,config,abandonment_pct,avg_queue_wait_min,avg_true_wait_min,matched_riders,avg_earnings,total_earnings,avg_profit_per_hr,avg_idle_time,variance,fairness_cv,cvar,fairness_effect,delta_cvar_cross,delta_profit
4.7,3,lam5_kmean_3,3.7837549364926883,0.315062002771569,24.38995287900043,36058,113.62929580713066,580304.8136870163,16.220961585516108,1.3036701667162285,488.9248013589094,0.19459457057276028,69.12224826655265,0.01696727265827591,2.174512181190906,1.8640255281713394
4.7,4,lam5_kmean_4,3.0770473267646583,0.26115888110083785,24.442365748701715,36003,111.03877985083214,580288.6635004488,15.866063700369411,1.4155715185187983,459.7182570464867,0.19309507404373832,65.90010813606199,0.07568998181900777,-1.047627949299752,-0.7264904281271782
