lambda,n_hubs,config,abandonment_pct,avg_queue_wait_min,avg_true_wait_min,matched_riders,avg_earnings,total_earnings,avg_profit_per_hr,avg_idle_time,variance,fairness_cv,cvar,fairness_effect,delta_cvar_cross,delta_profit
4.1,3,lam4_kmean_3,3.3157498116051247,0.27380204223666454,24.46130892132094,35924,111.68867200601643,577318.745599099,15.956713564099196,1.3734953973492348,461.68993332545165,0.19238272655636696,68.87974470488473,0.07172572738855376,1.932008619522989,-0.07659827294288846
4.1,4,lam4_kmean_4,3.234755440637794,0.2689470337815935,24.369831207013654,35927,113.34003580211476,580981.0235216402,16.183624423065236,1.32413619400918,456.0121397101158,0.18841039353879105,69.99750664980527,0.08314150529029662,3.0497705644435342,1.5747655231554347
