lambda,n_hubs,config,abandonment_pct,avg_queue_wait_min,avg_true_wait_min,matched_riders,avg_earnings,total_earnings,avg_profit_per_hr,avg_idle_time,variance,fairness_cv,cvar,fairness_effect,delta_cvar_cross,delta_profit
4.300000000000001,3,lam4_kmean_3,3.615394930937374,0.29291890003060095,24.462404335688305,35937,112.22816687728371,578087.2875848884,16.0214838990389,1.3571014387747822,477.413953131961,0.1946909142917044,68.08856045395856,0.0401109963865538,1.1408243685968245,0.46289659832439156
4.300000000000001,4,lam4_kmean_4,2.876635062179367,0.2508341089913345,24.37113500669127,36160,112.05684134639282,584040.2570973993,16.028518749993125,1.3682913805573877,468.64416833799766,0.1931893726343912,66.33238345373981,0.05774353505149521,-0.6153526316219313,0.2915710674334946
