lambda,n_hubs,config,abandonment_pct,avg_queue_wait_min,avg_true_wait_min,matched_riders,avg_earnings,total_earnings,avg_profit_per_hr,avg_idle_time,variance,fairness_cv,cvar,fairness_effect,delta_cvar_cross,delta_profit
2.0,3,lam2_kmean_3,3.267179694883218,0.27012380447860146,24.29380045289372,35825,111.95358540851767,576560.964853866,16.016076148954408,1.376752018566521,437.48959442254625,0.18682967450012644,68.583595447476,0.12038295461081039,1.6358593621142603,0.1883151295583474
2.0,4,lam2_kmean_4,2.8213166144200628,0.24832953970887295,24.289538745521224,36270,112.1966737231295,584769.063444951,16.03227799503056,1.3715079185742438,457.93604822289376,0.19073150443416997,67.05427642159971,0.07927329278151085,0.10654033623796977,0.4314034441701864
