lambda,n_hubs,config,abandonment_pct,avg_queue_wait_min,avg_true_wait_min,matched_riders,avg_earnings,total_earnings,avg_profit_per_hr,avg_idle_time,variance,fairness_cv,cvar,fairness_effect,delta_cvar_cross,delta_profit
1.9,3,lam2_kmean_3,3.5734301192922526,0.2781710492083546,24.34981867994963,36132,113.48193443619625,584658.9262152831,16.22915102302337,1.309429096137302,450.4925866844926,0.18703250649535938,70.54826252712569,0.09423912449350524,3.6005264417639467,1.7166641572369343
1.9,4,lam2_kmean_4,3.628880400279765,0.29462946048844074,24.246604365975358,35825,113.27416512499869,576905.3229816183,16.17524919582342,1.3334942969026422,474.32029213478154,0.19226710294748522,67.87641035679187,0.04633111448871485,0.9286742714301255,1.508894846039368
