lambda,n_hubs,config,abandonment_pct,avg_queue_wait_min,avg_true_wait_min,matched_riders,avg_earnings,total_earnings,avg_profit_per_hr,avg_idle_time,variance,fairness_cv,cvar,fairness_effect,delta_cvar_cross,delta_profit
1.0,3,lam1_kmean_3,3.3680704770090246,0.2678307148319089,24.236962921054307,35978,111.70674837260543,580316.5577956853,15.97050831424514,1.4057804797253763,497.64498201612736,0.19970107574642748,64.55676556435712,-0.0005655318763928552,-2.3909705210046184,-0.05852190635388865
1.0,4,lam1_kmean_4,2.8897236383149987,0.24690966183636126,24.24789654658034,36193,110.6425060287483,583417.9342895898,15.824302938623717,1.4470064259038837,483.03154293173725,0.1986395588776219,66.37072497668471,0.028816264340618347,-0.5770111086770271,-1.12276425021102
