lambda,n_hubs,config,abandonment_pct,avg_queue_wait_min,avg_true_wait_min,matched_riders,avg_earnings,total_earnings,avg_profit_per_hr,avg_idle_time,variance,fairness_cv,cvar,fairness_effect,delta_cvar_cross,delta_profit
2.3,3,lam2_kmean_3,4.069860599262939,0.34686711051445773,24.288784093086125,35922,113.48954745269162,576753.8801545788,16.20979671908053,1.3158179121141993,476.0840440159277,0.19225867676433425,70.06870623079884,0.042784913074390474,3.1209701454370986,1.724277173732304
2.3,4,lam2_kmean_4,3.233088768846247,0.27478868375068105,24.281066529072536,36006,112.33610703832072,579654.3123177349,16.018022420024458,1.3835641012263646,507.2017259894844,0.2004799714848975,64.68098736408318,-0.019780331507183835,-2.26674872127856,0.5708367593613985
