lambda,n_hubs,config,abandonment_pct,avg_queue_wait_min,avg_true_wait_min,matched_riders,avg_earnings,total_earnings,avg_profit_per_hr,avg_idle_time,variance,fairness_cv,cvar,fairness_effect,delta_cvar_cross,delta_profit
3.2,3,lam3_kmean_3,3.074855530170676,0.27359281816929154,24.300274791288352,36061,112.79853056915124,579558.8500642991,16.098787567815382,1.343031488613982,449.84941579138587,0.1880312955121506,69.78950121951644,0.0955322845775105,2.8417651341546986,1.0332602901919188
3.2,4,lam3_kmean_4,3.3723275514320292,0.297193675780041,24.240942722982886,35931,111.70004538713987,579053.0352869331,15.927272564995935,1.4248530181620782,505.12188431737536,0.20120776767103865,66.16302246075992,-0.015598599621851506,-0.7847136246018209,-0.06522489181945446
