lambda,n_hubs,config,abandonment_pct,avg_queue_wait_min,avg_true_wait_min,matched_riders,avg_earnings,total_earnings,avg_profit_per_hr,avg_idle_time,variance,fairness_cv,cvar,fairness_effect,delta_cvar_cross,delta_profit
2.4000000000000004,3,lam2_kmean_3,2.865798080531875,0.2581871192919765,24.337425130278145,36233,111.11500825866119,582353.7582836433,15.870630619818149,1.416493616838776,434.8898481147728,0.18767953208939336,68.44126146260832,0.1256100073113975,1.4935253772465842,-0.6502620202981291
2.4000000000000004,4,lam2_kmean_4,3.838951310861423,0.32496677569001736,24.23937540222559,35945,113.96679797773926,579179.2673228709,16.306920375746913,1.2938693067024314,492.9246459794967,0.1948103022378922,68.22757467629057,0.00892518079590654,1.2798385909288328,2.201527698779941
