lambda,n_hubs,config,abandonment_pct,avg_queue_wait_min,avg_true_wait_min,matched_riders,avg_earnings,total_earnings,avg_profit_per_hr,avg_idle_time,variance,fairness_cv,cvar,fairness_effect,delta_cvar_cross,delta_profit
3.7,3,lam4_kmean_3,3.2954331639921515,0.27325718942254673,24.44134120200111,35977,113.0870209078802,578666.285985623,16.180241914913147,1.3027272740575127,453.83308521605517,0.18838022588337397,69.38413060232634,0.08752271458131433,2.4363945169645973,1.3217506289208814
3.7,4,lam4_kmean_4,2.7851708471113263,0.2459084300995993,24.400338526707674,36161,110.03986653627527,582661.0933095776,15.72355887034854,1.4643960851090576,479.2128672132908,0.19893636599850578,64.7586773592244,0.03649409781501889,-2.189058726137347,-1.7254037426840512
