lambda,n_hubs,config,abandonment_pct,avg_queue_wait_min,avg_true_wait_min,matched_riders,avg_earnings,total_earnings,avg_profit_per_hr,avg_idle_time,variance,fairness_cv,cvar,fairness_effect,delta_cvar_cross,delta_profit
3.6,3,lam4_kmean_3,2.6400342722501873,0.21609519817584744,24.330230597921908,36362,110.42192911409704,585457.0681629425,15.77974627785989,1.4453965849359343,447.8514324870787,0.1916512488930409,67.62976240523443,0.0995494319411897,0.6820263198726906,-1.3433411648622808
3.6,4,lam4_kmean_4,3.2219827586206895,0.2742775592353394,24.389099532988833,35924,111.3538636643375,580042.275827534,15.899125784366833,1.4157673960911321,484.0492721476995,0.1975784141568696,66.14280532923054,0.02677001689299019,-0.8049307561311991,-0.41140661462182493
