lambda,n_hubs,config,abandonment_pct,avg_queue_wait_min,avg_true_wait_min,matched_riders,avg_earnings,total_earnings,avg_profit_per_hr,avg_idle_time,variance,fairness_cv,cvar,fairness_effect,delta_cvar_cross,delta_profit
4.9,3,lam5_kmean_3,3.173659169550173,0.2662440493572649,24.444153812244675,35818,110.7319249771411,576138.2056560651,15.803213181163747,1.4335142094965547,463.4783011708141,0.19442040944501654,67.27228750356318,0.06813003309030852,0.3245514182014375,-1.0333453018182155
4.9,4,lam5_kmean_4,3.6952309182904512,0.32027715651969635,24.406788504148828,35783,113.42602471036813,576657.9096275115,16.215723613612052,1.304519278363835,489.25386752089935,0.19500889537676977,66.70541535046928,0.01630565188183386,-0.2423207348924592,1.6607544314088045
