lambda,n_hubs,config,abandonment_pct,avg_queue_wait_min,avg_true_wait_min,matched_riders,avg_earnings,total_earnings,avg_profit_per_hr,avg_idle_time,variance,fairness_cv,cvar,fairness_effect,delta_cvar_cross,delta_profit
2.7,3,lam3_kmean_3,3.1971869083040305,0.2720834254501193,24.251543421677248,35788,112.47733328391384,577571.1064128976,16.07928021678374,1.3659865868288987,471.91849668268,0.19313833747688913,66.53972207158752,0.051160166987655575,-0.40801401377422053,0.7120630049545156
2.7,4,lam3_kmean_4,2.536428882122662,0.20985456824120505,24.279717898288585,35851,109.4299789363785,578446.8686576968,15.631122406054748,1.5118269549353802,457.59244728778225,0.19548035011925716,65.9109259933704,0.07996413718830109,-1.0368100919913417,-2.335291342580817
