lambda,n_hubs,config,abandonment_pct,avg_queue_wait_min,avg_true_wait_min,matched_riders,avg_earnings,total_earnings,avg_profit_per_hr,avg_idle_time,variance,fairness_cv,cvar,fairness_effect,delta_cvar_cross,delta_profit
3.0,3,lam3_kmean_3,3.266372253339078,0.2836577396176551,24.369063885243534,35923,112.50303507814895,578265.6003016856,16.095665243775525,1.341960633533463,476.3337810242021,0.19399540899211876,67.24439965560721,0.042282791579060786,0.29666357024547096,0.7377647991896339
3.0,4,lam3_kmean_4,3.7740397492901914,0.3044882691893034,24.38820518950607,35925,113.3726537233293,577973.7886815327,16.169482347620153,1.3165487161553653,500.08706773942316,0.1972488589590785,66.4935704007759,-0.005475592037590404,-0.4541656845858455,1.6073834443699724
