param_set,lambda,n_hubs,config,abandonment_pct,avg_queue_wait_min,avg_true_wait_min,matched_riders,avg_earnings,total_earnings,avg_profit_per_hr,avg_idle_ratio,variance,cvar,fairness_effect,delta_cvar_cross,delta_profit
mle,1.3,4,mle_lam1.3_k4,1.7359058418874616,0.08385898930990927,13.845107789934051,36568,114.29871563209338,593096.0354149325,16.33438973642477,0.373475876112973,1435.2592776756853,26.336137332649272,-0.06735003907251302,-4.112132443655213,-1.9039284991993242
