param_set,lambda,n_hubs,config,abandonment_pct,avg_queue_wait_min,avg_true_wait_min,matched_riders,avg_earnings,total_earnings,avg_profit_per_hr,avg_idle_ratio,variance,cvar,fairness_effect,delta_cvar_cross,delta_profit
mle,4.800000000000001,4,mle_lam4.800000000000001_k4,1.6644186673860264,0.07833200783221868,13.730982052715131,36453,113.51969257817433,590415.9210990847,16.22846680479791,0.37948634810299764,1403.9369499380875,26.2635017213447,-0.04405676498986222,-4.184768054959786,-2.6829515531183716
