param_set,lambda,n_hubs,config,abandonment_pct,avg_queue_wait_min,avg_true_wait_min,matched_riders,avg_earnings,total_earnings,avg_profit_per_hr,avg_idle_ratio,variance,cvar,fairness_effect,delta_cvar_cross,delta_profit
given,3.8000000000000003,4,given_lam3.8000000000000003_k4,24.37695427386149,1.3048018641608805,26.38113896757112,24427,147.91523286100397,490486.9121670892,21.103344511619706,0.04675326571058789,607.0744201878642,95.1839189560561,0.0478876961541439,-9.704340047239882,-9.743476708868059
