param_set,lambda,n_hubs,config,abandonment_pct,avg_queue_wait_min,avg_true_wait_min,matched_riders,avg_earnings,total_earnings,avg_profit_per_hr,avg_idle_ratio,variance,cvar,fairness_effect,delta_cvar_cross,delta_profit
given,3.9000000000000004,4,given_lam3.9000000000000004_k4,25.162151258417904,1.285646087977866,25.711526775764916,24115,148.32855796714543,485924.3559003684,21.18888990794599,0.05272434701089885,610.3876666822988,95.60911007091885,0.04269132706310386,-9.27914893237714,-9.330151602726602
