param_set,lambda,n_hubs,config,abandonment_pct,avg_queue_wait_min,avg_true_wait_min,matched_riders,avg_earnings,total_earnings,avg_profit_per_hr,avg_idle_ratio,variance,cvar,fairness_effect,delta_cvar_cross,delta_profit
mle,3.9000000000000004,4,mle_lam3.9000000000000004_k4,2.1391524011716965,0.10009809038750993,14.324419886874825,36415,116.54414568111133,590063.0095834667,16.631489904271028,0.3529370981954389,1346.2617670354953,29.74411252659611,-0.0011658325415535575,-0.704157249708377,0.3415015498186307
