param_set,lambda,n_hubs,config,abandonment_pct,avg_queue_wait_min,avg_true_wait_min,matched_riders,avg_earnings,total_earnings,avg_profit_per_hr,avg_idle_ratio,variance,cvar,fairness_effect,delta_cvar_cross,delta_profit
mle,3.3000000000000003,4,mle_lam3.3000000000000003_k4,1.6245730116463595,0.07502564978034035,13.983992890996637,36575,114.72617591681441,593937.4127213482,16.425316122049516,0.3669217877512646,1423.1545095797917,27.428524417499194,-0.05834816400988396,-3.0197453588052916,-1.4764682144782881
