param_set,lambda,n_hubs,config,abandonment_pct,avg_queue_wait_min,avg_true_wait_min,matched_riders,avg_earnings,total_earnings,avg_profit_per_hr,avg_idle_ratio,variance,cvar,fairness_effect,delta_cvar_cross,delta_profit
given,3.4000000000000004,4,given_lam3.4000000000000004_k4,24.575723041857884,1.2792275140829077,25.41611099351195,24488,147.99602692233938,493862.7418398465,21.154804318376268,0.06203321176780848,652.5077399703357,89.82073717038674,-0.023368185054074342,-15.06752183290925,-9.662682647532648
