param_set,lambda,n_hubs,config,abandonment_pct,avg_queue_wait_min,avg_true_wait_min,matched_riders,avg_earnings,total_earnings,avg_profit_per_hr,avg_idle_ratio,variance,cvar,fairness_effect,delta_cvar_cross,delta_profit
given,1.2,4,given_lam1.2_k4,23.778642455685254,1.1872231793901427,25.80821956010102,24682,147.62675808497454,496321.1606816844,21.126143821149743,0.05245319869479824,647.5762339108195,93.66465229336244,-0.015633799549406246,-11.223606709933549,-10.03195148489749
