param_set,lambda,n_hubs,config,abandonment_pct,avg_queue_wait_min,avg_true_wait_min,matched_riders,avg_earnings,total_earnings,avg_profit_per_hr,avg_idle_ratio,variance,cvar,fairness_effect,delta_cvar_cross,delta_profit
given,1.3,4,given_lam1.3_k4,29.365006007948978,1.5139631623440748,27.083566648231578,22926,147.028250698541,460639.50943852897,21.029002432498256,0.044443345252550816,621.3654237098675,93.00475860308231,0.02547423277119809,-11.883500400213677,-10.63045887133103
