param_set,lambda,n_hubs,config,abandonment_pct,avg_queue_wait_min,avg_true_wait_min,matched_riders,avg_earnings,total_earnings,avg_profit_per_hr,avg_idle_ratio,variance,cvar,fairness_effect,delta_cvar_cross,delta_profit
given,1.0,4,given_lam1.0_k4,26.55946171178123,1.3460529380047228,26.892711946868406,23794,147.39121036942677,476810.5655450956,21.057674284293103,0.040826742297938826,629.9180456746932,90.92853863675305,0.012060627565541604,-13.959720366542939,-10.267499200445258
